sourceHandle,sourceTitle,sourceImage,sourceCode,referenceCount,cand1_gid,cand1_handle,cand1_title,cand1_score,cand2_gid,cand2_handle,cand2_title,cand2_score,cand3_gid,cand3_handle,cand3_title,cand3_score,accepted_gid
poustni-sul-z-kalahari-baleni,Pouštní sůl z Kalahari krabička,https://www.sonnentor.com/cz/product-images/00695/83130/image-thumb__83130__product-teaser-img/00695.74c9ed2b.jpg,00695,5,,,,,,,,,,,,,
zazvor-bio-porcovany-jednokomorovy,Zázvor bio porcovaný jednokomorový,https://www.sonnentor.com/cz/product-images/02853/33726/image-thumb__33726__product-teaser-img/zazvor.7ea66481.jpg,,1,gid://shopify/Product/15821908181326,zazvor-kandovany-bio-75g,Zázvor kandovaný bio 75g,0.333,gid://shopify/Product/15821910835534,zazvor-bio-syp-90g,Zázvor bio syp. 90g,0.333,gid://shopify/Product/15821926793550,zazvor-bio-mlety-30-g,"Zázvor bio, mletý 30 g",0.333,
pepr-bily-mlety-bio-krabicka,Pepř bílý mletý bio krabička,https://www.sonnentor.com/cz/product-images/00359/33168/image-thumb__33168__product-teaser-img/00359.70deebaa.jpg,00359,10,gid://shopify/Product/15821921681742,pepr-cerny-bio-mlety-50g,"Pepř černý bio, mletý 50g",0.429,gid://shopify/Product/15821907296590,kmin-bio-mlety-60g,"Kmín bio, mletý 60g",0.286,gid://shopify/Product/15821909492046,hrebicek-bio-mlety-35g,"Hřebíček bio, mletý 35g",0.286,
bertram-mlety-bio-krabicka,Bertrám mletý bio krabička,https://www.sonnentor.com/cz/product-images/00728/33611/image-thumb__33611__product-teaser-img/00728.4e37d098.jpg,00728,3,gid://shopify/Product/15821907296590,kmin-bio-mlety-60g,"Kmín bio, mletý 60g",0.333,gid://shopify/Product/15821909492046,hrebicek-bio-mlety-35g,"Hřebíček bio, mletý 35g",0.333,gid://shopify/Product/15821909590350,galgan-bio-mlety-35g,"Galgán bio, mletý 35g",0.333,
citronova-materidouska-bio-krabicka2,Mateřídouška citronová bio krabička,https://www.sonnentor.com/cz/product-images/00907/34873/image-thumb__34873__product-teaser-img/00907.2f201f72.jpg,00907,4,gid://shopify/Product/15821934952782,citronova-materidouska-bio-18-g-porc-dvoukomorovy,"Citronová mateřídouška bio 18 g, porc. dvoukomorový",0.429,gid://shopify/Product/15821906837838,citronova-trava-bio-syp-80g,Citronová tráva bio syp. 80g,0.286,gid://shopify/Product/15821913456974,verbena-citronova-bio-syp-30g,Verbena citronová bio syp. 30g,0.286,
ayurvedska-kouzelna-sul-jemna-v-mlynku,Ayurvédská kouzelná sůl jemná v mlýnku,https://www.sonnentor.com/cz/product-images/01714/33892/image-thumb__33892__product-teaser-img/s%C5%AFl.f20907b8.jpg,,2,gid://shopify/Product/15821908902222,ayurvedska-kouzelna-sul-jemna-konv-150g,Ayurvédská kouzelná sůl jemná konv. 150g,0.571,gid://shopify/Product/15821908836686,ayurvedska-kouzelna-sul-do-mlynku-konv-150g,Ayurvédská kouzelná sůl do mlýnku konv. 150g,0.500,gid://shopify/Product/15821908803918,ayurvedska-kouzelna-sul-jemna-konv-doza-mala-120g,Ayurvédská kouzelná sůl jemná konv. - dóza malá 120g,0.444,
bylinky-na-zizu-bio-porcovany-dvoukomorovy,Bylinky na žížu® bio porcovaný dvoukomorový,https://www.sonnentor.com/cz/product-images/02633/72351/image-thumb__72351__product-teaser-img/02633.10dc7312.jpg,02633,10,gid://shopify/Product/15821923090766,ovoce-na-zizu-biorarasci-bio-324g-porc-dvoukomorovy,"Ovoce na žížu® Biorarášci bio 32,4g porc. dvoukomorový",0.364,gid://shopify/Product/15821914014030,balzam-na-nervy-bio-27g-porcdvoukomorovy,Balzám na nervy® bio 27g porc.dvoukomorový,0.300,gid://shopify/Product/15821933936974,oda-na-bylinky-sirup-bio-500-ml,Óda na bylinky sirup bio 500 ml,0.300,
habesino-koreni-berber-bio-krabicka,Habešina berberského koření,https://www.sonnentor.com/cz/product-images/00767/34398/image-thumb__34398__product-teaser-img/00767.c6bdcaeb.jpg,00767,4,,,,,,,,,,,,,
tabouleh-koreni-na-salat-bio-krabicka,Tabouleh - koření na salát bio krabička,https://www.sonnentor.com/cz/product-images/00758/34404/image-thumb__34404__product-teaser-img/00758.6dff291a.jpg,00758,4,gid://shopify/Product/15821922763086,koreni-na-vejce-bio-70g,Koření na vejce bio 70g,0.375,gid://shopify/Product/15821933314382,koreni-na-burger-bio-60-g,Koření na burger bio 60 g,0.375,gid://shopify/Product/15821933445454,koreni-na-nakladani-bio-65-g,Koření na nakládání bio 65 g,0.375,
salat-a-dipy-etericky-olej-bio,Salát a dipy éterický olej bio balení,https://www.sonnentor.com/cz/product-images/18004/60601/image-thumb__60601__product-teaser-img/18004.1cd7fd62.jpg,18004,4,gid://shopify/Product/15821911228750,levandule-bio-etericky-olej-10ml,Levandule bio éterický olej 10ml,0.375,gid://shopify/Product/15821911294286,bergamot-bio-etericky-olej-10ml,Bergamot bio éterický olej 10ml,0.375,gid://shopify/Product/15821911359822,cajovnik-bio-etericky-olej-10ml,Čajovník bio éterický olej 10ml,0.375,
keksy-dobre-nalady-bio-krabicka,Keksy Dobrá nálada bio,https://www.sonnentor.com/cz/product-images/00173/32874/image-thumb__32874__product-teaser-img/00173.677d745b.jpg,00173,12,gid://shopify/Product/15821907067214,dobra-nalada-bio-syp-50g,Dobrá nálada® bio syp. 50g,0.500,gid://shopify/Product/15821907034446,dobra-nalada-bio-27g-porc-dvoukomorovy,Dobrá nálada® bio 27g porc. dvoukomorový,0.429,gid://shopify/Product/15821909754190,dobra-nalada-smes-kvetu-a-koreni-bio-25g,Dobrá nálada - směs květů a koření bio 25g,0.375,
kardamom-latte-bio-krabicka,Kardamom Latte bio,https://www.sonnentor.com/cz/product-images/00847/35112/image-thumb__35112__product-teaser-img/00847_Kardamom%20latte%20%281%29.011502cc.jpg,,1,gid://shopify/Product/15821921321294,kardamom-bio-cely-40g,"Kardamom bio, celý 40g",0.400,gid://shopify/Product/15821921386830,kardamom-bio-mlety-50g,"Kardamom bio, mletý 50g",0.400,gid://shopify/Product/15821917225294,kurkuma-latte-zazvor-bio-60g,Kurkuma Latte - zázvor bio 60g,0.333,
seminka-k-naklicovani,klíčky,,,3,,,,,,,,,,,,,
adventni-bio,Adventní bio,https://www.sonnentor.com/cz/product-images/15225/98602/image-thumb__98602__product-teaser-img/15225_1.f08e68f2.jpg,,5,gid://shopify/Product/15821928825166,adventni-kalendar-koreni-bio-118-g,Adventní kalendář koření bio 118 g,0.400,gid://shopify/Product/15821934494030,adventni-etericky-olej-bio-10-ml,Adventní éterický olej bio 10 ml,0.333,gid://shopify/Product/15821935280462,sonnentor-adventni-kalendar-koreni-bio-118-g,SONNENTOR Adventní kalendář® koření bio 118 g,0.333,
koreni-na-kolace-keksy-mlete-bio-krabicka,Koření na koláče & keksy mleté bio,https://www.sonnentor.com/cz/product-images/00405/34189/image-thumb__34189__product-teaser-img/00405_koreni_na_kolace_a_keksy.bd1c6bd2.jpg,,1,gid://shopify/Product/15821907362126,salatove-koreni-mlete-bio-35g,Salátové koření mleté bio 35g,0.375,gid://shopify/Product/15821907853646,pernikove-koreni-bio-mlete-40g,"Perníkové koření bio, mleté 40g",0.375,gid://shopify/Product/15821922763086,koreni-na-vejce-bio-70g,Koření na vejce bio 70g,0.375,
sbohem-soli-stredomorska-bio-krabicka,"Sbohem, soli! Středomořská bio krabička",https://www.sonnentor.com/cz/product-images/00817/34809/image-thumb__34809__product-teaser-img/00817.b4e37b00.jpg,00817,4,gid://shopify/Product/15821917028686,sbohem-soli-pikantni-bio-50g,"Sbohem, soli! Pikantní bio 50g",0.429,gid://shopify/Product/15821927940430,sbohem-soli-zeleninova-bio-55-g,Sbohem soli! Zeleninová bio 55 g,0.429,gid://shopify/Product/15821911163214,stredomorska-kouzelna-sul-s-kvety-bio-120g,Středomořská kouzelná sůl s květy bio 120g,0.222,
zeleninova-polevka-sv-hildegardy-bujon-bio-baleni,Zeleninová polévka sv. Hildegardy - bujón bio,https://www.sonnentor.com/cz/product-images/01403/60566/image-thumb__60566__product-teaser-img/01403.197d37c9.jpg,01403,5,gid://shopify/Product/15821929120078,zeleninova-polevka-sv-hildegardy-bio-cz,Zeleninová polévka sv. Hildegardy bio CZ,0.714,gid://shopify/Product/15821924008270,zeleninova-polevka-sv-hildegardy-bio-ve-sklenicce,Zeleninová polévka sv. Hildegardy bio ve skleničce,0.625,gid://shopify/Product/15821923877198,pikantni-polevka-bio-60g,Pikantní polévka bio 60g,0.250,
bazalka-etericky-olej-bio,Bazalka éterický olej bio balení,https://www.sonnentor.com/cz/product-images/17096/60595/image-thumb__60595__product-teaser-img/17096.db4d90f5.jpg,17096,2,gid://shopify/Product/15821911228750,levandule-bio-etericky-olej-10ml,Levandule bio éterický olej 10ml,0.429,gid://shopify/Product/15821911294286,bergamot-bio-etericky-olej-10ml,Bergamot bio éterický olej 10ml,0.429,gid://shopify/Product/15821911359822,cajovnik-bio-etericky-olej-10ml,Čajovník bio éterický olej 10ml,0.429,
pepr-barevny-cerny-bily-ruzovy-zeleny-cely-v-mlynku-bio,"Pepř barevný (černý, bílý, růžový, zelený) celý v mlýnku bio",https://www.sonnentor.com/cz/product-images/01348/33627/image-thumb__33627__product-teaser-img/Pep%C5%99%20barevn%C3%BD%20v%20ml%C3%BDnku.19279367.jpg,,1,gid://shopify/Product/15821910180174,pepr-ruzovy-bio-cely-20g,"Pepř růžový bio, celý 20g",0.400,gid://shopify/Product/15821921616206,pepr-cerny-bio-cely-55g,"Pepř černý bio, celý 55g",0.400,gid://shopify/Product/15821921878350,pepr-barevny-bio-cely-50g,"Pepř barevný bio, celý 50g",0.400,
rajcata-vlocky-bio-krabicka,Rajčata vločky bio krabička,https://www.sonnentor.com/cz/product-images/00872/60588/image-thumb__60588__product-teaser-img/00872.d58d18c5.jpg,00872,3,gid://shopify/Product/15821921255758,chilli-bio-vlocky-45g,"Chilli bio, vločky 45g",0.333,,,,,,,,,
nove-koreni-mlete-bio-krabicka,Nové koření mleté bio krabička,https://www.sonnentor.com/cz/product-images/00367/33458/image-thumb__33458__product-teaser-img/00367.2e509d42.jpg,00367,3,gid://shopify/Product/15821907362126,salatove-koreni-mlete-bio-35g,Salátové koření mleté bio 35g,0.429,gid://shopify/Product/15821907853646,pernikove-koreni-bio-mlete-40g,"Perníkové koření bio, mleté 40g",0.429,gid://shopify/Product/15821909786958,nove-koreni-bio-cele-35g,"Nové koření bio, celé 35g",0.429,
boruvky-bio-krabicka2,Borůvky bio krabička,https://www.sonnentor.com/cz/product-images/00201/34098/image-thumb__34098__product-teaser-img/00201.80da9665.jpg,00201,6,gid://shopify/Product/15821906248014,alfalfa-bio-120-g,Alfalfa bio 120 g,0.200,gid://shopify/Product/15821907394894,saturejka-bio-20g,Saturejka bio 20g,0.200,gid://shopify/Product/15821907427662,petrzel-bio-15g,Petržel bio 15g,0.200,
koreni-na-kolace-a-keksy-bio-krabicka,Koření na koláče a keksy bio krabička,https://www.sonnentor.com/cz/product-images/00977/72383/image-thumb__72383__product-teaser-img/00977.ac23cbb2.jpg,00977,5,gid://shopify/Product/15821922763086,koreni-na-vejce-bio-70g,Koření na vejce bio 70g,0.375,gid://shopify/Product/15821933314382,koreni-na-burger-bio-60-g,Koření na burger bio 60 g,0.375,gid://shopify/Product/15821933445454,koreni-na-nakladani-bio-65-g,Koření na nakládání bio 65 g,0.375,
koreni-na-jidla-z-jednoho-hrnce-bio-krabicka,Koření na jídla z jednoho hrnce bio krabička,https://www.sonnentor.com/cz/product-images/00973/72380/image-thumb__72380__product-teaser-img/00973.cc07dea9.jpg,00973,5,gid://shopify/Product/15821922763086,koreni-na-vejce-bio-70g,Koření na vejce bio 70g,0.333,gid://shopify/Product/15821933314382,koreni-na-burger-bio-60-g,Koření na burger bio 60 g,0.333,gid://shopify/Product/15821933445454,koreni-na-nakladani-bio-65-g,Koření na nakládání bio 65 g,0.333,
citron-etericky-olej-bio,Ukázat detaily,https://www.sonnentor.com/cz/product-images/15060/33936/image-thumb__33936__product-teaser-img/15060.bfee1be6.jpg,15060,7,,,,,,,,,,,,,
mesicek-sypany-bio,Měsíček sypaný bio balení,https://www.sonnentor.com/cz/product-images/00214/34126/image-thumb__34126__product-teaser-img/00214.6269d28b.jpg,00214,13,gid://shopify/Product/15821909229902,majoranka-bio-110-g-gastro-baleni,"Majoránka bio 110 g, gastro balení",0.286,gid://shopify/Product/15821907198286,kmin-bio-cely-600-g-gastro-baleni,"Kmín bio, celý 600 g, gastro balení",0.250,gid://shopify/Product/15821907263822,kmin-bio-mlety-580-g-gastro-baleni,"Kmín bio, mletý 580 g, gastro balení",0.250,
sonnentor-taska-z-biobavlny-tady-roste-radost-bio,Sonnentor taška z biobavlny Tady roste radost bio,https://www.sonnentor.com/cz/product-images/33150/35025/image-thumb__35025__product-teaser-img/33150.2b51660c.jpg,33150,1,gid://shopify/Product/15821917913422,tady-roste-radost-bio-syp-50g,Tady roste radost bio syp. 50g,0.444,gid://shopify/Product/15821917847886,tady-roste-radost-bio-27g-porc-dvoukomorovy,Tady roste radost® bio 27g porc. dvoukomorový,0.400,gid://shopify/Product/15821929546062,sonnentor-taska-z-biobavlny-bylinky,Sonnentor taška z biobavlny Bylinky,0.375,
slamak,Ukázat detaily,https://www.sonnentor.com/cz/product-images/33099/34823/image-thumb__34823__product-teaser-img/33099.5e20d75a.jpg,33099,4,,,,,,,,,,,,,
cokokulicky-bio-baleni2,Čokokuličky bio balení,https://www.sonnentor.com/cz/product-images/01062/98864/image-thumb__98864__product-teaser-img/01062.537be499.jpg,01062,6,gid://shopify/Product/15821909229902,majoranka-bio-110-g-gastro-baleni,"Majoránka bio 110 g, gastro balení",0.333,gid://shopify/Product/15821907198286,kmin-bio-cely-600-g-gastro-baleni,"Kmín bio, celý 600 g, gastro balení",0.286,gid://shopify/Product/15821907263822,kmin-bio-mlety-580-g-gastro-baleni,"Kmín bio, mletý 580 g, gastro balení",0.286,
malina-list-sypana-bio,Malina list sypaná bio balení,https://www.sonnentor.com/cz/product-images/00213/32916/image-thumb__32916__product-teaser-img/00213.191d899a.jpg,00213,5,gid://shopify/Product/15821907722574,bobkovy-list-bio-50-g-gastro-baleni,"Bobkový list bio 50 g, gastro balení",0.375,gid://shopify/Product/15821907755342,bobkovy-list-bio-10g,Bobkový list bio 10g,0.286,gid://shopify/Product/15821908705614,malina-sirup-bio-500-ml,Malina sirup bio 500 ml,0.250,
adventni-kalendar-koreni-bio-krabicka,,,,1,,,,,,,,,,,,,
darkovy-box-vanocni-a-silvestrovske-menu-bio,,,,1,,,,,,,,,,,,,
darkovy-box-vanoce-bio,vánočního dárkového boxu,https://www.sonnentor.com/cz/product-images/33447/87324/image-thumb__87324__product-teaser-img/33447.621a5ac6.jpg,33447,1,,,,,,,,,,,,,
darkova-kazeta-cajova-kouzelne-vanoce-bio,Dárková kazeta čajová – Kouzelné Vánoce bio,https://www.sonnentor.com/cz/product-images/33390/74710/image-thumb__74710__product-teaser-img/33390.dfaa15c7.jpg,33390,3,gid://shopify/Product/15821926039886,darkova-kazeta-cajova-biorarasci,Dárková kazeta čajová – Biorarášci,0.429,gid://shopify/Product/15821920141646,darkova-kazeta-cajova-stesti-je,Dárková kazeta čajová Štěstí je...,0.375,gid://shopify/Product/15821932691790,darkova-kazeta-cajova-pro-radost,Dárková kazeta čajová - Pro radost,0.375,
knedlik-v-krku-bonbony-bio,Knedlík v krku - bonbony bio,https://www.sonnentor.com/cz/product-images/00491/34825/image-thumb__34825__product-teaser-img/Bonbony%20Knedl%C3%ADk%20v%20krku.7fe92b13.jpg,,2,gid://shopify/Product/15821913948494,knedlik-v-krku-bio-27g-porc-dvoukomorovy,Knedlík v krku bio 27g porc. dvoukomorový,0.429,gid://shopify/Product/15821931348302,zase-dobre-knedlik-v-krku-sirup-bio-250-ml,Zase dobře! Knedlík v krku sirup bio 250 ml,0.333,,,,,
milostne-keksy-bio,Milostné keksy bio,https://www.sonnentor.com/cz/product-images/00139/34330/image-thumb__34330__product-teaser-img/00139.3c648396.jpg,00139,2,gid://shopify/Product/15821914177870,keksy-andel-strazny-bio-125-g,Keksy Anděl strážný® bio 125 g,0.333,gid://shopify/Product/15821906248014,alfalfa-bio-120-g,Alfalfa bio 120 g,0.200,gid://shopify/Product/15821907394894,saturejka-bio-20g,Saturejka bio 20g,0.200,
divoke-jablko-bio-krabicka,Divoké jablko bio balení,https://www.sonnentor.com/cz/product-images/01206/86454/image-thumb__86454__product-teaser-img/01206.ca4c7dfa.jpg,01206,4,gid://shopify/Product/15821909229902,majoranka-bio-110-g-gastro-baleni,"Majoránka bio 110 g, gastro balení",0.286,gid://shopify/Product/15821907198286,kmin-bio-cely-600-g-gastro-baleni,"Kmín bio, celý 600 g, gastro balení",0.250,gid://shopify/Product/15821907263822,kmin-bio-mlety-580-g-gastro-baleni,"Kmín bio, mletý 580 g, gastro balení",0.250,
citronova-trava-rezana-bio-krabicka2,Citronová tráva řezaná bio krabička,https://www.sonnentor.com/cz/product-images/00720/34191/image-thumb__34191__product-teaser-img/00720.7290e517.jpg,00720,3,gid://shopify/Product/15821906837838,citronova-trava-bio-syp-80g,Citronová tráva bio syp. 80g,0.429,gid://shopify/Product/15821911327054,citronova-trava-bio-etericky-olej-10ml,Citronová tráva bio éterický olej 10ml,0.375,gid://shopify/Product/15821935968590,citronova-trava-medunka-verbena-bio-216-g-porc-dvoukomorovy,"Citronová tráva Meduňka Verbena bio 21,6 g, porc. dvoukomorový",0.300,
estragon-bio-krabicka2,Estragon bio krabička,https://www.sonnentor.com/cz/product-images/00307/33397/image-thumb__33397__product-teaser-img/00307.582db914.jpg,00307,1,gid://shopify/Product/15821906248014,alfalfa-bio-120-g,Alfalfa bio 120 g,0.200,gid://shopify/Product/15821907394894,saturejka-bio-20g,Saturejka bio 20g,0.200,gid://shopify/Product/15821907427662,petrzel-bio-15g,Petržel bio 15g,0.200,
aladinovo-koreni-do-kavy-bio-krabicka,Aladinova koření do kávy,https://www.sonnentor.com/cz/product-images/00757/34389/image-thumb__34389__product-teaser-img/00757_Aladinovo%20ko%C5%99en%C3%AD%20do%20k%C3%A1vy.bef64ef9.jpg,,7,gid://shopify/Product/15821926236494,aladinovo-koreni-do-kavy-bio-35g,Aladinovo koření do kávy bio 35g,0.429,gid://shopify/Product/15821914276174,aladinovo-koreni-do-kavy-bio-35g-dozicka,Aladinovo koření do kávy bio 35g dózička,0.375,gid://shopify/Product/15821925024078,charlieho-koreni-do-kase-bio-70-g,Charlieho koření do kaše bio 70 g,0.250,
zdobeni-na-salat-bio-baleni,Zdobení na salát bio krabička,https://www.sonnentor.com/cz/product-images/00650/83124/image-thumb__83124__product-teaser-img/00650.29dca3fa.jpg,00650,6,gid://shopify/Product/15821926924622,zdobeni-na-zeleninu-bio-45-g,Zdobení na zeleninu bio 45 g,0.429,gid://shopify/Product/15821922763086,koreni-na-vejce-bio-70g,Koření na vejce bio 70g,0.250,gid://shopify/Product/15821933314382,koreni-na-burger-bio-60-g,Koření na burger bio 60 g,0.250,
kardamom-cely-bio-krabicka,Kardamom,,,1,gid://shopify/Product/15821921321294,kardamom-bio-cely-40g,"Kardamom bio, celý 40g",0.250,gid://shopify/Product/15821921386830,kardamom-bio-mlety-50g,"Kardamom bio, mletý 50g",0.250,,,,,
fenykl-olej-bio-50ml-bio,Fenykl olej bio,https://www.sonnentor.com/cz/product-images/00898/59696/image-thumb__59696__product-teaser-img/00898_fenykl_olej%20%281%29.08c89b6a.jpg,,2,gid://shopify/Product/15821907493198,fenykl-bio-40g,Fenykl bio 40g,0.500,gid://shopify/Product/15821912932686,fenykl-bio-syp-200g,Fenykl bio syp. 200g,0.400,gid://shopify/Product/15821911228750,levandule-bio-etericky-olej-10ml,Levandule bio éterický olej 10ml,0.333,
anyz-olej-bio,anýzového,https://www.sonnentor.com/cz/product-images/00896/59695/image-thumb__59695__product-teaser-img/00896_anyz_olej%20%281%29.a5a56d76.jpg,,2,,,,,,,,,,,,,
harmonie-etericky-olej-bio,Ukázat detaily,https://www.sonnentor.com/cz/product-images/15093/33928/image-thumb__33928__product-teaser-img/15093.eb067089.jpg,15093,7,,,,,,,,,,,,,
zazvor-etericky-olej-bio,Zázvor éterický olej bio balení,https://www.sonnentor.com/cz/product-images/17004/60599/image-thumb__60599__product-teaser-img/17004.b03a41e7.jpg,17004,2,gid://shopify/Product/15821911228750,levandule-bio-etericky-olej-10ml,Levandule bio éterický olej 10ml,0.429,gid://shopify/Product/15821911294286,bergamot-bio-etericky-olej-10ml,Bergamot bio éterický olej 10ml,0.429,gid://shopify/Product/15821911359822,cajovnik-bio-etericky-olej-10ml,Čajovník bio éterický olej 10ml,0.429,
mata-peprna-etericky-olej-bio,máty peprné,https://www.sonnentor.com/cz/product-images/15043/33950/image-thumb__33950__product-teaser-img/15043.55bed06e.jpg,15043,7,,,,,,,,,,,,,
darkovy-box-sobestacna-zahradka,Dárkový box - Soběstačná zahrádka,https://www.sonnentor.com/cz/product-images/33512/96949/image-thumb__96949__product-teaser-img/33512.aa021737.jpg,33512,1,gid://shopify/Product/15821933838670,darkovy-box-z-lasky,Dárkový box - Z lásky,0.400,gid://shopify/Product/15821936034126,darkovy-box-kouzelny-vanocni-cas,Dárkový box - Kouzelný vánoční čas,0.286,gid://shopify/Product/15821935444302,papirovy-darkovy-box-na-6-koreni-prazdny,"Papírový dárkový box na 6 koření, prázdný",0.250,
zverinove-koreni-cisare-frantiska-bio-krabicka,Zvěřinové koření císaře Františka bio krabička,https://www.sonnentor.com/cz/product-images/00396/33824/image-thumb__33824__product-teaser-img/00396.b736c2aa.jpg,00396,3,gid://shopify/Product/15821907329358,polevkove-koreni-bio-25g,Polévkové koření bio 25g,0.250,gid://shopify/Product/15821926400334,italske-koreni-bio-20g,Italské koření bio 20g,0.250,gid://shopify/Product/15821927743822,provensalske-koreni-bio-20-g,Provensálské koření bio 20 g,0.250,
zazvor-pohoda-sypany-bio,Zázvor Pohoda sypaný bio balení,https://www.sonnentor.com/cz/product-images/00874/60562/image-thumb__60562__product-teaser-img/00874.26e9f08c.jpg,00874,4,gid://shopify/Product/15821917159758,kurkuma-latte-zazvor-bio-230-g-gastro-baleni,"Kurkuma Latte - zázvor bio 230 g, gastro balení",0.333,gid://shopify/Product/15821920731470,zazvor-pohoda-bio-324g-porc-dvoukomorovy,"Zázvor Pohoda bio 32,4g porc. dvoukomorový",0.333,gid://shopify/Product/15821908181326,zazvor-kandovany-bio-75g,Zázvor kandovaný bio 75g,0.286,
korenici-smesi,směsích koření,,,2,gid://shopify/Product/15821907329358,polevkove-koreni-bio-25g,Polévkové koření bio 25g,0.200,gid://shopify/Product/15821926400334,italske-koreni-bio-20g,Italské koření bio 20g,0.200,gid://shopify/Product/15821927743822,provensalske-koreni-bio-20-g,Provensálské koření bio 20 g,0.200,
darkove-baleni-3-caju-zazvorove-trio-bio-baleni,Dárkové balení 3 čajů – Zázvorové trio bio,https://www.sonnentor.com/cz/product-images/33346/69750/image-thumb__69750__product-teaser-img/33346.f9526d42.jpg,33346,2,gid://shopify/Product/15821922402638,darkove-baleni-2-caju-velikonoce,Dárkové balení 2 čajů - Velikonoce,0.429,gid://shopify/Product/15821923713358,darkove-baleni-3-caju-vanoce,Dárkové balení 3 čajů - Vánoce,0.429,gid://shopify/Product/15821923811662,darkove-baleni-2-caju-pratelstvi,Dárkové balení 2 čajů - Přátelství,0.429,
zazvor-kurkuma-sypany-bio,Zázvor Kurkuma sypaný bio balení,https://www.sonnentor.com/cz/product-images/00875/60563/image-thumb__60563__product-teaser-img/00875.8e652fa2.jpg,00875,6,gid://shopify/Product/15821917159758,kurkuma-latte-zazvor-bio-230-g-gastro-baleni,"Kurkuma Latte - zázvor bio 230 g, gastro balení",0.500,gid://shopify/Product/15821917225294,kurkuma-latte-zazvor-bio-60g,Kurkuma Latte - zázvor bio 60g,0.429,gid://shopify/Product/15821917126990,kurkuma-latte-zazvor-bio-60g-doza,Kurkuma Latte - zázvor bio 60g dóza,0.375,
zazvor-citron-sypany-bio,Zázvor Citron sypaný bio balení,https://www.sonnentor.com/cz/product-images/00852/33810/image-thumb__33810__product-teaser-img/00852.e9db6cb0.jpg,00852,1,gid://shopify/Product/15821911982414,zazvor-citron-sirup-bio-500-ml,Zázvor-citron sirup bio 500 ml,0.375,gid://shopify/Product/15821917159758,kurkuma-latte-zazvor-bio-230-g-gastro-baleni,"Kurkuma Latte - zázvor bio 230 g, gastro balení",0.333,gid://shopify/Product/15821920895310,zazvorcitron-bio-324g-porc-dvoukomorovy,"Zázvor–citron bio 32,4g porc. dvoukomorový",0.333,
zazvor-energie-sypany-bio,Zázvor Energie sypaný bio balení,https://www.sonnentor.com/cz/product-images/00851/33655/image-thumb__33655__product-teaser-img/00851.fb45fc0c.jpg,00851,2,gid://shopify/Product/15821920797006,zazvor-energie-bio-324-g-porc-dvoukomorovy,"Zázvor Energie bio 32,4 g, porc. dvoukomorový",0.375,gid://shopify/Product/15821917159758,kurkuma-latte-zazvor-bio-230-g-gastro-baleni,"Kurkuma Latte - zázvor bio 230 g, gastro balení",0.333,gid://shopify/Product/15821908181326,zazvor-kandovany-bio-75g,Zázvor kandovaný bio 75g,0.286,
pampeliskove-kafe-bio-doza,Pampeliškové kafe bio dóza,https://www.sonnentor.com/cz/product-images/00640/72406/image-thumb__72406__product-teaser-img/00640.0e185f0c.jpg,00640,10,gid://shopify/Product/15821918536014,holy-veggie-bio-90-g-doza,"Holy Veggie bio 90 g, dóza",0.286,gid://shopify/Product/15821918765390,steak-that-bio-150g-doza,"Steak That bio 150g, dóza",0.286,gid://shopify/Product/15821917126990,kurkuma-latte-zazvor-bio-60g-doza,Kurkuma Latte - zázvor bio 60g dóza,0.250,
kuc-kuc-sirup-bio,Kuc-kuc® sirup bio,https://www.sonnentor.com/cz/product-images/00633/34908/image-thumb__34908__product-teaser-img/00633.be8435e1.jpg,00633,4,gid://shopify/Product/15821909885262,kuc-kuc-bio-50-g-syp,"Kuc - kuc®  bio 50 g, syp.",0.400,gid://shopify/Product/15821908705614,malina-sirup-bio-500-ml,Malina sirup bio 500 ml,0.333,gid://shopify/Product/15821909852494,kuc-kuc-bio-27g-porcdvoukomorovy,Kuc - kuc® bio 27g porc.dvoukomorový,0.333,
lehci-nez-pirko-caj-bio-porcovany-dvoukomorovy,Lehčí než pírko® bio porcovaný dvoukomorový,https://www.sonnentor.com/cz/product-images/02709/34452/image-thumb__34452__product-teaser-img/02709.fdc39e35.jpg,02709,7,gid://shopify/Product/15821909852494,kuc-kuc-bio-27g-porcdvoukomorovy,Kuc - kuc® bio 27g porc.dvoukomorový,0.222,gid://shopify/Product/15821911261518,dekuji-bio-27g-porc-dvoukomorovy,Děkuji bio 27g porc. dvoukomorový,0.222,gid://shopify/Product/15821913293134,uvolneni-bio-27g-porc-dvoukomorovy,Uvolnění bio 27g porc. dvoukomorový,0.222,
vesele-velikonoce-bio-porcovany-dvoukomorovy,Veselé Velikonoce bio porcovaný dvoukomorový,https://www.sonnentor.com/cz/product-images/02577/35044/image-thumb__35044__product-teaser-img/02577_Vesele%CC%81%20Velikonoce.cfad1b4b.jpg,,8,gid://shopify/Product/15821918044494,vesele-velikonoce-bio-27g-porc-dvoukomorovy,Veselé Velikonoce! bio 27g porc. dvoukomorový,0.571,gid://shopify/Product/15821917978958,vesele-velikonoce-bio-syp-60g,Veselé Velikonoce bio syp. 60g,0.429,gid://shopify/Product/15821909852494,kuc-kuc-bio-27g-porcdvoukomorovy,Kuc - kuc® bio 27g porc.dvoukomorový,0.250,
vesele-velikonoce-sypany-bio,Veselé Velikonoce sypané bio balení,https://www.sonnentor.com/cz/product-images/00577/35043/image-thumb__35043__product-teaser-img/00577_vesele_velikonoce%20NEW.abcf8751.jpg,,5,gid://shopify/Product/15821917978958,vesele-velikonoce-bio-syp-60g,Veselé Velikonoce bio syp. 60g,0.429,gid://shopify/Product/15821918044494,vesele-velikonoce-bio-27g-porc-dvoukomorovy,Veselé Velikonoce! bio 27g porc. dvoukomorový,0.375,gid://shopify/Product/15821922402638,darkove-baleni-2-caju-velikonoce,Dárkové balení 2 čajů - Velikonoce,0.286,
velikonocni-zajicek-caj-sypany-bio,Velikonoční zajíček sypaný bio balení,https://www.sonnentor.com/cz/product-images/00567/34483/image-thumb__34483__product-teaser-img/00567.946acc67.jpg,00567,2,gid://shopify/Product/15821909229902,majoranka-bio-110-g-gastro-baleni,"Majoránka bio 110 g, gastro balení",0.250,gid://shopify/Product/15821907198286,kmin-bio-cely-600-g-gastro-baleni,"Kmín bio, celý 600 g, gastro balení",0.222,gid://shopify/Product/15821907263822,kmin-bio-mlety-580-g-gastro-baleni,"Kmín bio, mletý 580 g, gastro balení",0.222,
zlaty-kurkumovy-med-bio,medu,,,1,,,,,,,,,,,,,
mandarinka-etericky-olej-bio,mandarinka,https://www.sonnentor.com/cz/product-images/15027/33948/image-thumb__33948__product-teaser-img/15027.4a9c2f3a.jpg,15027,3,,,,,,,,,,,,,
klicivy-mix-bio-krabicka,Klíčivý mix bio krabička,https://www.sonnentor.com/cz/product-images/00108/33663/image-thumb__33663__product-teaser-img/00108.295b97d5.jpg,00108,1,,,,,,,,,,,,,
andel-strazny-etericky-olej-bio,10 kapek éterického oleje Anděl strážný,https://www.sonnentor.com/cz/product-images/15095/33924/image-thumb__33924__product-teaser-img/15095.2934dbcd.jpg,15095,3,gid://shopify/Product/15821934788942,andel-strazny-etericky-olej-bio-10-ml,Anděl strážný éterický olej bio 10 ml,0.300,gid://shopify/Product/15821914177870,keksy-andel-strazny-bio-125-g,Keksy Anděl strážný® bio 125 g,0.222,gid://shopify/Product/15821908148558,andel-strazny-bio-27-g-porc-dvoukomorovy,Anděl strážný® bio 27 g porc. dvoukomorový,0.200,
english-tea-assam-cerny-caj-bio-porcovany-dvoukomorovy,Assam,,,1,,,,,,,,,,,,,
jarni-polibeni-bylinna-smes-bio-porcovany-dvoukomorovy,Jarní políbení,https://www.sonnentor.com/cz/product-images/02263/34010/image-thumb__34010__product-teaser-img/02263_jarni_polibeni_new.98b42d68.jpg,,11,gid://shopify/Product/15821911818574,jarni-polibeni-bio-syp-80g,Jarní políbení bio syp. 80g,0.400,gid://shopify/Product/15821911753038,jarni-polibeni-bio-27g-porc-dvoukomorovy,Jarní políbení bio 27g porc. dvoukomorový,0.333,,,,,
krupave-keksy-bio-krabicka,Křupavé keksy bio,https://www.sonnentor.com/cz/product-images/00958/34767/image-thumb__34767__product-teaser-img/00958_krupave_keksy.3d8b9b0f.jpg,,1,gid://shopify/Product/15821914177870,keksy-andel-strazny-bio-125-g,Keksy Anděl strážný® bio 125 g,0.333,gid://shopify/Product/15821906248014,alfalfa-bio-120-g,Alfalfa bio 120 g,0.200,gid://shopify/Product/15821907394894,saturejka-bio-20g,Saturejka bio 20g,0.200,
antimoucha-a-antikomar-etericky-olej-bio,Antimoucha a antikomár,,,1,,,,,,,,,,,,,
lucni-kviti-sypany-bio,Luční kvítí sypané bio balení,https://www.sonnentor.com/cz/product-images/00585/35212/image-thumb__35212__product-teaser-img/00585.17995271.jpg,00585,3,gid://shopify/Product/15821919519054,lucni-kviti-bio-27g-porc-dvoukomorovy,Luční kvítí bio 27g porc. dvoukomorový,0.375,gid://shopify/Product/15821909229902,majoranka-bio-110-g-gastro-baleni,"Majoránka bio 110 g, gastro balení",0.250,gid://shopify/Product/15821907198286,kmin-bio-cely-600-g-gastro-baleni,"Kmín bio, celý 600 g, gastro balení",0.222,
zakratko-maminkou-caj-bio-porcovany-jednokomorovy,Zakrátko maminkou,,,1,gid://shopify/Product/15821922992462,zakratko-maminkou-biorarasci-bio-216g-porc-dvoukomorovy,"Zakrátko maminkou® Biorarášci bio 21,6g porc. dvoukomorový",0.250,,,,,,,,,
cejkovicky-ledacek-bio-pyramidalni-sacky,Čejkovický leďáček bio pyramidální sáčky,https://www.sonnentor.com/cz/product-images/33278/65433/image-thumb__65433__product-teaser-img/33278.bf1509a0.jpg,33278,1,,,,,,,,,,,,,
kukuricne-krupky-bio-baleni,Kukuřičné křupky bio,https://www.sonnentor.com/cz/product-images/00966/72441/image-thumb__72441__product-teaser-img/00966.bccbdf3e.jpg,00966,4,gid://shopify/Product/15821906248014,alfalfa-bio-120-g,Alfalfa bio 120 g,0.200,gid://shopify/Product/15821907394894,saturejka-bio-20g,Saturejka bio 20g,0.200,gid://shopify/Product/15821907427662,petrzel-bio-15g,Petržel bio 15g,0.200,
raraskovy-kakaove-keksy-s-kokosovym-cukrem-bio-krabicka,Kakaové keksy s kokosovým cukrem bio,https://www.sonnentor.com/cz/product-images/00960/35002/image-thumb__35002__product-teaser-img/00960.9d6164fe.jpg,00960,4,gid://shopify/Product/15821914177870,keksy-andel-strazny-bio-125-g,Keksy Anděl strážný® bio 125 g,0.250,,,,,,,,,
etericke-oleje,pár kapek esenciálního oleje,,,5,,,,,,,,,,,,,
jeziskuv-nebesky-caj-bio-porcovany-dvoukomorovy,Ježíškův nebeský čaj,https://www.sonnentor.com/cz/product-images/02539/34061/image-thumb__34061__product-teaser-img/02539.8928d2c3.jpg,02539,3,gid://shopify/Product/15821928071502,jeziskuv-nebesky-caj-bio-60-g-syp,Ježíškův nebeský® čaj bio 60 g syp.,0.500,gid://shopify/Product/15821928202574,jeziskuv-nebesky-caj-bio-27-g-porc-dvoukomorovy,"Ježíškův nebeský® čaj bio 27 g, porc. dvoukomorový",0.429,,,,,
zimni-noc-etericky-olej-bio,esenciálního oleje ze skořicové kůry,,,2,,,,,,,,,,,,,
jemny-kurkumovy-sen-bio-porcovany-dvoukomorovy,Jemný kurkumový sen bio porcovaný dvoukomorový,https://www.sonnentor.com/cz/product-images/02523/34952/image-thumb__34952__product-teaser-img/02523.e5005a74.jpg,02523,7,gid://shopify/Product/15821917618510,zlaty-kurkumovy-sen-bio-36-g-porc-dvoukomorovy,Zlatý kurkumový sen bio 36 g porc. dvoukomorový,0.444,gid://shopify/Product/15821908607310,ovocny-sen-bio-45-g-porc-dvoukomorovy,"Ovocný sen bio 45 g, porc. dvoukomorový",0.333,gid://shopify/Product/15821917552974,zlaty-kurkumovy-sen-bio-syp-120g,Zlatý kurkumový sen bio syp. 120g,0.333,
vonavy-kurkumovy-sen-bio-porcovany-dvoukomorovy,Voňavý kurkumový sen bio porcovaný dvoukomorový,https://www.sonnentor.com/cz/product-images/02518/34960/image-thumb__34960__product-teaser-img/02518.0ecb1a97.jpg,02518,7,gid://shopify/Product/15821917618510,zlaty-kurkumovy-sen-bio-36-g-porc-dvoukomorovy,Zlatý kurkumový sen bio 36 g porc. dvoukomorový,0.444,gid://shopify/Product/15821908607310,ovocny-sen-bio-45-g-porc-dvoukomorovy,"Ovocný sen bio 45 g, porc. dvoukomorový",0.333,gid://shopify/Product/15821917552974,zlaty-kurkumovy-sen-bio-syp-120g,Zlatý kurkumový sen bio syp. 120g,0.333,
vonavy-kurkumovy-sen-sypany-bio,Voňavý kurkumový sen sypaný bio balení,https://www.sonnentor.com/cz/product-images/00587/34958/image-thumb__34958__product-teaser-img/00587.8a8ca0db.jpg,00587,5,gid://shopify/Product/15821917552974,zlaty-kurkumovy-sen-bio-syp-120g,Zlatý kurkumový sen bio syp. 120g,0.333,gid://shopify/Product/15821917618510,zlaty-kurkumovy-sen-bio-36-g-porc-dvoukomorovy,Zlatý kurkumový sen bio 36 g porc. dvoukomorový,0.300,gid://shopify/Product/15821908640078,ovocny-sen-bio-syp-100g,Ovocný sen bio syp. 100g,0.222,
jemny-kurkumovy-sen-sypany-bio,Jemný kurkumový sen sypaný bio balení,https://www.sonnentor.com/cz/product-images/00588/35278/image-thumb__35278__product-teaser-img/00588.a80802ea.jpg,00588,6,gid://shopify/Product/15821917552974,zlaty-kurkumovy-sen-bio-syp-120g,Zlatý kurkumový sen bio syp. 120g,0.333,gid://shopify/Product/15821917618510,zlaty-kurkumovy-sen-bio-36-g-porc-dvoukomorovy,Zlatý kurkumový sen bio 36 g porc. dvoukomorový,0.300,gid://shopify/Product/15821908640078,ovocny-sen-bio-syp-100g,Ovocný sen bio syp. 100g,0.222,
darkovy-poukaz-dekuji,Dárkový poukaz Vše nej,https://www.sonnentor.com/cz/product-images/44014/60757/image-thumb__60757__product-teaser-img/44014.a18e6145.jpg,44014,4,,,,,,,,,,,,,
bio-zrnkova-kava,kvalitní kávy,,,2,,,,,,,,,,,,,
videnske-pokuseni-r-melange-prazena-kava-mleta-bio,bez kofeinu,https://www.sonnentor.com/cz/product-images/01104/83158/image-thumb__83158__product-teaser-img/01104.970114f2.jpg,01104,3,,,,,,,,,,,,,
keksy,sladkou dobrůtkou,,,1,,,,,,,,,,,,,
vsechno-nejlepsi-sypany-bio,Všechno nejlepší sypaný bio balení,https://www.sonnentor.com/cz/product-images/00573/34894/image-thumb__34894__product-teaser-img/00573.2c2b6d27.jpg,00573,2,gid://shopify/Product/15821933707598,pohlednice-vsechno-nejlepsi,Pohlednice Všechno nejlepší,0.333,gid://shopify/Product/15821909229902,majoranka-bio-110-g-gastro-baleni,"Majoránka bio 110 g, gastro balení",0.250,gid://shopify/Product/15821907198286,kmin-bio-cely-600-g-gastro-baleni,"Kmín bio, celý 600 g, gastro balení",0.222,
pro-babicku-bio-porcovany-dvoukomorovy,Pro babičku bio porcovaný dvoukomorový,https://www.sonnentor.com/cz/product-images/33252/35290/image-thumb__35290__product-teaser-img/77224.f32fcf42.jpg,77224,1,gid://shopify/Product/15821933609294,slunecni-pozdrav-pro-babicku-bio-45-g-porc-dvoukomorovy,Sluneční pozdrav pro babičku bio 45 g porc. dvoukomorový,0.444,gid://shopify/Product/15821914079566,pro-klid-zeny-bio-27g-porc-dvoukomorovy,Pro klid ženy bio 27g porc. dvoukomorový,0.333,gid://shopify/Product/15821914112334,pro-dobry-pocit-v-brise-bio-27g-porcdvoukomorovy,Pro dobrý pocit v břiše bio 27g porc.dvoukomorový,0.300,
pro-dedecka-bio-porcovany-dvoukomorovy,Pro dědečka bio porcovaný dvoukomorový,https://www.sonnentor.com/cz/product-images/33253/35292/image-thumb__35292__product-teaser-img/77225.c77c36d2.jpg,77225,1,gid://shopify/Product/15821933576526,dobra-nalada-pro-dedecka-bio-27-g-porc-dvoukomorovy,Dobrá nálada pro dědečka bio 27 g porc. dvoukomorový,0.444,gid://shopify/Product/15821914079566,pro-klid-zeny-bio-27g-porc-dvoukomorovy,Pro klid ženy bio 27g porc. dvoukomorový,0.333,gid://shopify/Product/15821914112334,pro-dobry-pocit-v-brise-bio-27g-porcdvoukomorovy,Pro dobrý pocit v břiše bio 27g porc.dvoukomorový,0.300,
zeleny-caj-stesti-bio-porcovany-dvoukomorovy,Zelený čaj - štěstí bio porcovaný dvoukomorový,https://www.sonnentor.com/cz/product-images/02224/34672/image-thumb__34672__product-teaser-img/02224.133e1ad9.jpg,02224,2,gid://shopify/Product/15821908509006,caj-stesti-bio-27-g-porc-dvoukomorovy,Čaj štěstí bio 27 g porc. dvoukomorový,0.500,gid://shopify/Product/15821936099662,caj-stesti-z-prahy-bio-27-g-porc-dvoukomorovy,Čaj štěstí z Prahy bio 27 g porc. dvoukomorový,0.444,gid://shopify/Product/15821936132430,caj-stesti-z-brna-bio-27-g-porc-dvoukomorovy,Čaj štěstí z Brna bio 27 g porc. dvoukomorový,0.444,
darkova-baleni,dárkovým kazetám,,,2,,,,,,,,,,,,,
pikantni-koreni-na-pomazanky-bio-krabicka2,Pikantní koření na pomazánky bio krabička,https://www.sonnentor.com/cz/product-images/00978/72381/image-thumb__72381__product-teaser-img/00978.48f66506.jpg,00978,4,gid://shopify/Product/15821925253454,bylinkove-koreni-na-pomazanky-bio-50g,Bylinkové koření na pomazánky bio 50g,0.500,gid://shopify/Product/15821922763086,koreni-na-vejce-bio-70g,Koření na vejce bio 70g,0.375,gid://shopify/Product/15821933314382,koreni-na-burger-bio-60-g,Koření na burger bio 60 g,0.375,
stesti-je-otevrit-oci-dokoran-bio-porcovany-dvoukomorovy,Štěstí je® otevřít oči dokořán bio porcovaný dvoukomorový,https://www.sonnentor.com/cz/product-images/02588/35188/image-thumb__35188__product-teaser-img/02588.b3e03170.jpg,02588,7,gid://shopify/Product/15821918110030,stesti-je-poznat-zivot-bio-27-g-porc-dvoukomorovy,Štěstí je® poznat život bio 27 g porc. dvoukomorový,0.333,gid://shopify/Product/15821918961998,stesti-je-mit-pratele-bio-27-g-porc-dvoukomorovy,Štěstí je® mít přátele bio 27 g porc. dvoukomorový,0.333,gid://shopify/Product/15821919060302,stesti-je-heavy-metal-bio-27-g-porc-dvoukomorovy,Štěstí je® Heavy Metal bio 27 g porc. dvoukomorový,0.333,
stesti-je-blaznive-milovat-bio-porcovany-dvoukomorovy,Štěstí je® bláznivě milovat bio porcovaný dvoukomorový,https://www.sonnentor.com/cz/product-images/02589/35166/image-thumb__35166__product-teaser-img/02589.23e3a4af.jpg,02589,5,gid://shopify/Product/15821918110030,stesti-je-poznat-zivot-bio-27-g-porc-dvoukomorovy,Štěstí je® poznat život bio 27 g porc. dvoukomorový,0.364,gid://shopify/Product/15821918961998,stesti-je-mit-pratele-bio-27-g-porc-dvoukomorovy,Štěstí je® mít přátele bio 27 g porc. dvoukomorový,0.364,gid://shopify/Product/15821919060302,stesti-je-heavy-metal-bio-27-g-porc-dvoukomorovy,Štěstí je® Heavy Metal bio 27 g porc. dvoukomorový,0.364,
hermanek-pure-bio-pyramidalni-sacky,Heřmánek PURE bio pyramidální sáčky,https://www.sonnentor.com/cz/product-images/08512/35034/image-thumb__35034__product-teaser-img/08512.4df9f3e9.jpg,08512,1,gid://shopify/Product/15821906346318,hermanek-bio-syp-50g,Heřmánek bio syp. 50g,0.286,gid://shopify/Product/15821906313550,hermanek-bio-144g-porc-dvoukomorovy,"Heřmánek bio 14,4g porc. dvoukomorový",0.222,,,,,
ocista-docista-koreni-bio-krabicka,Očista dočista bio krabička,https://www.sonnentor.com/cz/product-images/00836/34977/image-thumb__34977__product-teaser-img/00836.f42e7354.jpg,00836,1,gid://shopify/Product/15821914046798,ocista-duse-bio-27-g-porc-dvoukomorovy,"Očista duše bio 27 g, porc. dvoukomorový",0.250,,,,,,,,,
postni-cas-bylinna-smes-bio-porcovany-jednokomorovy,Postní čas bio porcovaný jednokomorový,https://www.sonnentor.com/cz/product-images/02576/34972/image-thumb__34972__product-teaser-img/postni_cas_bio_porc_darkovy_20g_800x600.44e820a5.jpg,,1,gid://shopify/Product/15821922566478,postni-cas-bio-27-g-porc-dvoukomorovy,Postní čas bio 27 g porc. dvoukomorový,0.375,gid://shopify/Product/15821920600398,cas-promeny-bio-27g-porc-dvoukomorovy,Čas proměny bio 27g porc. dvoukomorový,0.222,,,,,
salvej-bio-krabicka2,Šalvěj bio krabička,https://www.sonnentor.com/cz/product-images/00899/61445/image-thumb__61445__product-teaser-img/00899.584453d3.jpg,00899,4,gid://shopify/Product/15821911687502,salvej-bio-syp-50g,Šalvěj bio syp. 50g,0.400,gid://shopify/Product/15821916701006,salvej-bio-18-g-porc-dvoukomorovy,Šalvěj bio 18 g porc. dvoukomorový,0.333,gid://shopify/Product/15821935149390,tymian-cerny-bez-salvej-bio-234-g-porc-dvoukomorovy,"Tymián Černý bez Šalvěj bio 23,4 g, porc. dvoukomorový",0.222,
mak-modry-bio-krabicka,mák,,,1,,,,,,,,,,,,,
adventni-etericky-olej-bio,Ukázat detaily,https://www.sonnentor.com/cz/product-images/15076/33789/image-thumb__33789__product-teaser-img/15076.8a16e38b.jpg,15076,3,,,,,,,,,,,,,
relaxacni-caj-sv-hild-sypany-bio-krabicka,Relaxační sypaný bio,https://www.sonnentor.com/cz/product-images/00411/33217/image-thumb__33217__product-teaser-img/00411_relaxacni_caj_hildegarda.4ac31bfd.jpg,,1,gid://shopify/Product/15821906248014,alfalfa-bio-120-g,Alfalfa bio 120 g,0.200,gid://shopify/Product/15821907394894,saturejka-bio-20g,Saturejka bio 20g,0.200,gid://shopify/Product/15821907427662,petrzel-bio-15g,Petržel bio 15g,0.200,
chytra-hlavicka-bio-baleni,Chytrá hlavička,https://www.sonnentor.com/cz/product-images/15079/72327/image-thumb__72327__product-teaser-img/15079.7d4f3678.jpg,15079,2,gid://shopify/Product/15821934592334,chytra-hlavicka-etericky-olej-bio-10-ml,Chytrá hlavička éterický olej bio 10 ml,0.286,,,,,,,,,
leharko-etericky-olej-bio-baleni,Lehárko,https://www.sonnentor.com/cz/product-images/15078/72328/image-thumb__72328__product-teaser-img/15078.a5814a11.jpg,15078,2,,,,,,,,,,,,,
dobra-nalada-etericky-olej-bio,Dobrá nálada,https://www.sonnentor.com/cz/product-images/15066/33966/image-thumb__33966__product-teaser-img/15066.78c0f935.jpg,15066,2,gid://shopify/Product/15821907067214,dobra-nalada-bio-syp-50g,Dobrá nálada® bio syp. 50g,0.400,gid://shopify/Product/15821929447758,sonnentor-taska-z-biobavlny-dobra-nalada,Sonnentor taška z biobavlny Dobrá nálada,0.400,gid://shopify/Product/15821907034446,dobra-nalada-bio-27g-porc-dvoukomorovy,Dobrá nálada® bio 27g porc. dvoukomorový,0.333,
cerny-kmin-olej-bio,olej z černého kmínu,https://www.sonnentor.com/cz/product-images/00843/59693/image-thumb__59693__product-teaser-img/00843_cerny%20kmin_olej%20%281%29.28f797e8.jpg,,1,,,,,,,,,,,,,
tymian-olej-bio-50ml-bio,Za studena lisovaný olej,,,1,,,,,,,,,,,,,
konopi-cbd-bio-porcovany-dvoukomorovy,Konopí CBD bio porcovaný dvoukomorový,https://www.sonnentor.com/cz/product-images/02637/60578/image-thumb__60578__product-teaser-img/02637.f2654326.jpg,02637,1,gid://shopify/Product/15821920960846,konopi-list-bio-27g-porc-dvoukomorovy,Konopí list bio 27g porc. dvoukomorový,0.375,gid://shopify/Product/15821909852494,kuc-kuc-bio-27g-porcdvoukomorovy,Kuc - kuc® bio 27g porc.dvoukomorový,0.250,gid://shopify/Product/15821911261518,dekuji-bio-27g-porc-dvoukomorovy,Děkuji bio 27g porc. dvoukomorový,0.250,
konopi-cbd-sypane-bio-baleni,Konopí CBD sypané bio balení,https://www.sonnentor.com/cz/product-images/00637/60579/image-thumb__60579__product-teaser-img/00637.bf049e19.jpg,00637,1,gid://shopify/Product/15821909229902,majoranka-bio-110-g-gastro-baleni,"Majoránka bio 110 g, gastro balení",0.250,gid://shopify/Product/15821921190222,konopi-list-bio-syp-40g,Konopí list bio syp. 40g,0.250,gid://shopify/Product/15821907198286,kmin-bio-cely-600-g-gastro-baleni,"Kmín bio, celý 600 g, gastro balení",0.222,
kava-videnske-pokuseni-espresso-zrnkova-bio-baleni,Káva Vídeňské pokušení Espresso zrnková bio balení,https://www.sonnentor.com/cz/product-images/01095/33577/image-thumb__33577__product-teaser-img/01095.4308b12e.png,01095,1,gid://shopify/Product/15821927514446,kava-videnske-pokuseni-espresso-bio-prazena-zrnkova-1000-g,"Káva Vídeňské pokušení® Espresso bio, pražená, zrnková 1000 g",0.667,gid://shopify/Product/15821927645518,kava-videnske-pokuseni-espresso-bio-prazena-zrnkova-500-g,"Káva Vídeňské pokušení® Espresso bio, pražená, zrnková 500 g",0.667,gid://shopify/Product/15821927219534,kava-videnske-pokuseni-melange-bio-prazena-zrnkova-500-g,"Káva Vídeňské pokušení® Melange bio, pražená, zrnková 500 g",0.500,
vse-zase-dobre-poznavaci-sada-bio-porcovany-dvoukomorovy2,Vše zase dobré! poznávací sada bio Poznávací sada,https://www.sonnentor.com/cz/product-images/02708/34325/image-thumb__34325__product-teaser-img/02708.7b7e0288.jpg,02708,2,gid://shopify/Product/15821914571086,s-korenim-kolem-sveta-poznavaci-sada-bio-50g,S kořením kolem světa – poznávací sada bio 50g,0.300,gid://shopify/Product/15821935018318,ovocna-poznavaci-sada-bio-484-g-porc-dvoukomorovy,"Ovocná poznávací sada bio 48,4 g porc. dvoukomorový",0.300,gid://shopify/Product/15821935247694,grilovaci-sada-bio,Grilovací sada bio,0.286,
tonkove-boby-cele-bio-krabicka,Tonkové boby celé bio krabička,https://www.sonnentor.com/cz/product-images/00665/60565/image-thumb__60565__product-teaser-img/00665.ae5dbbd7.jpg,00665,4,gid://shopify/Product/15821932298574,tonkove-boby-bio-mlete-35-g,"Tonkové boby bio, mleté 35 g",0.429,gid://shopify/Product/15821909786958,nove-koreni-bio-cele-35g,"Nové koření bio, celé 35g",0.250,,,,,
spokojene-brisko-koreni-bio-krabicka,,,,1,,,,,,,,,,,,,
propolisove-kapky-bio,Propolisové kapky bio,https://www.sonnentor.com/cz/product-images/00706/34226/image-thumb__34226__product-teaser-img/00706.891bc195.jpg,00706,1,gid://shopify/Product/15821906248014,alfalfa-bio-120-g,Alfalfa bio 120 g,0.200,gid://shopify/Product/15821907394894,saturejka-bio-20g,Saturejka bio 20g,0.200,gid://shopify/Product/15821907427662,petrzel-bio-15g,Petržel bio 15g,0.200,
ovocna-symfonie-caj-bio-porcovany-dvoukomorovy,Ovocná symfonie bio porcovaný dvoukomorový,https://www.sonnentor.com/cz/product-images/02275/33309/image-thumb__33309__product-teaser-img/02275.30e9d6eb.jpg,02275,1,gid://shopify/Product/15821935018318,ovocna-poznavaci-sada-bio-484-g-porc-dvoukomorovy,"Ovocná poznávací sada bio 48,4 g porc. dvoukomorový",0.333,gid://shopify/Product/15821909852494,kuc-kuc-bio-27g-porcdvoukomorovy,Kuc - kuc® bio 27g porc.dvoukomorový,0.250,gid://shopify/Product/15821911261518,dekuji-bio-27g-porc-dvoukomorovy,Děkuji bio 27g porc. dvoukomorový,0.250,
tady-roste-radost-sypany-bio,Tady roste radost® sypaný bio balení,https://www.sonnentor.com/cz/product-images/33143/35015/image-thumb__35015__product-teaser-img/33143_Tady-roste-radost_01.9db03bd7.jpg,,7,gid://shopify/Product/15821917913422,tady-roste-radost-bio-syp-50g,Tady roste radost bio syp. 50g,0.500,gid://shopify/Product/15821917847886,tady-roste-radost-bio-27g-porc-dvoukomorovy,Tady roste radost® bio 27g porc. dvoukomorový,0.444,gid://shopify/Product/15821909229902,majoranka-bio-110-g-gastro-baleni,"Majoránka bio 110 g, gastro balení",0.222,
darkove-baleni-3-koreni-sbohem-soli-bio-baleni,"Dárkové balení 3 koření - Sbohem, soli! bio",https://www.sonnentor.com/cz/product-images/33384/74102/image-thumb__74102__product-teaser-img/33384.eb5cdb93.jpg,33384,1,gid://shopify/Product/15821925646670,darkove-baleni-2-koreni-letni-pohodicka-bio,Dárkové balení 2 koření - Letní pohodička bio,0.500,gid://shopify/Product/15821917028686,sbohem-soli-pikantni-bio-50g,"Sbohem, soli! Pikantní bio 50g",0.375,gid://shopify/Product/15821922337102,darkove-baleni-3-koreni-na-svaracek,Dárkové balení 3 koření - Na svařáček,0.375,
andel-strazny-caj-sypany-bio,Anděl strážný sypaný bio balení,https://www.sonnentor.com/cz/product-images/00432/33231/image-thumb__33231__product-teaser-img/00432.573dac4f.jpg,00432,2,gid://shopify/Product/15821914177870,keksy-andel-strazny-bio-125-g,Keksy Anděl strážný® bio 125 g,0.429,gid://shopify/Product/15821908148558,andel-strazny-bio-27-g-porc-dvoukomorovy,Anděl strážný® bio 27 g porc. dvoukomorový,0.375,gid://shopify/Product/15821912539470,andel-strazny-smes-kvetu-a-koreni-bio-40g,Anděl strážný - směs květů a koření bio 40g,0.333,
darkovy-poukaz-tady-roste-radost,Dárkový poukaz Radost,https://www.sonnentor.com/cz/product-images/44011/60754/image-thumb__60754__product-teaser-img/44011.501885e8.jpg,44011,2,gid://shopify/Product/15821933838670,darkovy-box-z-lasky,Dárkový box - Z lásky,0.200,,,,,,,,,
darkovy-poukaz-vanoce,Dárkový poukaz Kouzelné Vánoce,https://www.sonnentor.com/cz/product-images/44012/60755/image-thumb__60755__product-teaser-img/44012-kouzelne-vanoce.bf9c0617.jpg,,2,,,,,,,,,,,,,
darkovy-poukaz-hodne-stesti,Dárkový poukaz Vánoční,https://www.sonnentor.com/cz/product-images/44013/75146/image-thumb__75146__product-teaser-img/44013.49054817.jpg,44013,2,gid://shopify/Product/15821936034126,darkovy-box-kouzelny-vanocni-cas,Dárkový box - Kouzelný vánoční čas,0.333,gid://shopify/Product/15821933838670,darkovy-box-z-lasky,Dárkový box - Z lásky,0.200,,,,,
view,kořenící přípravky,,,4,,,,,,,,,,,,,
sonnentor-adventni-kalendar-r-bio-poznavaci-sada,SONNENTOR Adventní kalendář® bio Poznávací sada,https://www.sonnentor.com/cz/product-images/02636/79536/image-thumb__79536__product-teaser-img/02636.b31eedd8.jpg,02636,3,gid://shopify/Product/15821935280462,sonnentor-adventni-kalendar-koreni-bio-118-g,SONNENTOR Adventní kalendář® koření bio 118 g,0.500,gid://shopify/Product/15821935051086,sonnentor-adventni-kalendar-bio-389-g-porc-dvoukomorovy,"SONNENTOR Adventní kalendář® bio 38,9 g, porc. dvoukomorový",0.444,gid://shopify/Product/15821928825166,adventni-kalendar-koreni-bio-118-g,Adventní kalendář koření bio 118 g,0.375,
darkova-kazeta-cajova-radost-vanoc-bio,Dárková kazeta čajová - Radost Vánoc bio,https://www.sonnentor.com/cz/product-images/33069/34741/image-thumb__34741__product-teaser-img/33069.38cd2a2b.jpg,33069,1,gid://shopify/Product/15821932691790,darkova-kazeta-cajova-pro-radost,Dárková kazeta čajová - Pro radost,0.571,gid://shopify/Product/15821932495182,darkova-kazeta-cajova-puvabny-cas-vanoc,Dárková kazeta čajová - Půvabný čas Vánoc,0.500,gid://shopify/Product/15821926039886,darkova-kazeta-cajova-biorarasci,Dárková kazeta čajová – Biorarášci,0.429,
keksy-a-punc-etericky-olej-bio,Keksy a punč éterický olej bio balení,https://www.sonnentor.com/cz/product-images/18001/60600/image-thumb__60600__product-teaser-img/18001.f416907b.jpg,18001,2,gid://shopify/Product/15821911228750,levandule-bio-etericky-olej-10ml,Levandule bio éterický olej 10ml,0.375,gid://shopify/Product/15821911294286,bergamot-bio-etericky-olej-10ml,Bergamot bio éterický olej 10ml,0.375,gid://shopify/Product/15821911359822,cajovnik-bio-etericky-olej-10ml,Čajovník bio éterický olej 10ml,0.375,
darkove-baleni-3-caju-pro-skvely-den-rarasku-bio-baleni,Dárkové balení 3 čajů – Pro skvělý den rarášků bio,https://www.sonnentor.com/cz/product-images/33372/74597/image-thumb__74597__product-teaser-img/33372.daab3e67.jpg,33372,1,gid://shopify/Product/15821922468174,darkove-baleni-2-caju-pro-prarodice,Dárkové balení 2 čajů - Pro prarodiče,0.444,gid://shopify/Product/15821922500942,darkove-baleni-2-caju-pro-maminku,Dárkové balení 2 čajů - Pro maminku,0.444,gid://shopify/Product/15821924794702,darkove-baleni-3-caju-hezky-den,Dárkové balení 3 čajů - Hezký den,0.444,
darkove-baleni-2-caju-na-zizu-bio,Dárkové balení 2 čajů – Na žížu bio,https://www.sonnentor.com/cz/product-images/33371/75185/image-thumb__75185__product-teaser-img/33371.12d07a73.jpg,33371,1,gid://shopify/Product/15821922402638,darkove-baleni-2-caju-velikonoce,Dárkové balení 2 čajů - Velikonoce,0.429,gid://shopify/Product/15821923713358,darkove-baleni-3-caju-vanoce,Dárkové balení 3 čajů - Vánoce,0.429,gid://shopify/Product/15821923811662,darkove-baleni-2-caju-pratelstvi,Dárkové balení 2 čajů - Přátelství,0.429,
biorarasci-r-poznavaci-sada-bio-porcovany-dvoukomorovy,Biorarášci® poznávací sada bio porcovaný dvoukomorový,https://www.sonnentor.com/cz/product-images/02635/72354/image-thumb__72354__product-teaser-img/02635.783f29fa.jpg,02635,6,gid://shopify/Product/15821935018318,ovocna-poznavaci-sada-bio-484-g-porc-dvoukomorovy,"Ovocná poznávací sada bio 48,4 g porc. dvoukomorový",0.444,gid://shopify/Product/15821923418446,ochutnej-poznavaci-sada-bio-344g-porc-dvoukomorovy,"Ochutnej poznávací sada bio 34,4g porc. dvoukomorový",0.400,gid://shopify/Product/15821923516750,bylinna-poznavaci-sada-bio-285g-porc-dvoukomorovy,"Bylinná poznávací sada bio 28,5g porc. dvoukomorový",0.400,
darkove-poukazy,dárkový poukaz,,,1,gid://shopify/Product/15821933838670,darkovy-box-z-lasky,Dárkový box - Z lásky,0.250,,,,,,,,,
selske-koreni-na-brambory-bio-krabicka,Selským kořením na brambory,,,2,gid://shopify/Product/15821926465870,selske-koreni-na-brambory-bio-25g,Selské koření na brambory bio 25g,0.250,,,,,,,,,
majoranka-bio-krabicka,majoránkou,,,2,,,,,,,,,,,,,
pomeranc-etericky-olej-bio2,Pomeranč éterický olej bio balení,https://www.sonnentor.com/cz/product-images/17037/60597/image-thumb__60597__product-teaser-img/17037.5400a4e4.jpg,17037,1,gid://shopify/Product/15821911490894,pomeranc-bio-etericky-olej-10ml,Pomeranč bio éterický olej 10ml,0.667,gid://shopify/Product/15821934068046,pomeranc-bio-etericky-olej-5-ml,"Pomeranč bio, éterický olej 5 ml",0.667,gid://shopify/Product/15821911228750,levandule-bio-etericky-olej-10ml,Levandule bio éterický olej 10ml,0.429,
kouzlo-krbu-caj-bio-porcovany-dvoukomorovy,Kouzlo krbu,https://www.sonnentor.com/cz/product-images/02555/34179/image-thumb__34179__product-teaser-img/02555.d2c1430c.jpg,02555,3,gid://shopify/Product/15821928628558,kouzlo-krbu-bio-100-g-syp,Kouzlo krbu bio 100 g syp.,0.400,gid://shopify/Product/15821928694094,kouzlo-krbu-bio-45-g-porc-dvoukomorovy,"Kouzlo krbu bio 45 g, porc. dvoukomorový",0.333,gid://shopify/Product/15821934887246,kouzlo-krbu-etericky-olej-bio-10-ml,Kouzlo krbu éterický olej bio 10 ml,0.286,
jablicko-z-pece-caj-bio-porcovany-dvoukomorovy,Jablíčko z pece,https://www.sonnentor.com/cz/product-images/02290/45133/image-thumb__45133__product-teaser-img/02290.4fc40ae7.jpg,02290,2,gid://shopify/Product/15821926629710,jablicko-z-pece-bio-45-g-porc-dvoukomorovy,"Jablíčko z pece® bio 45 g, porc. dvoukomorový",0.333,,,,,,,,,
zimni-noc-caj-bio-porcovany-dvoukomorovy,Zimní noc,,,1,gid://shopify/Product/15821928333646,zimni-noc-bio-100-g-syp,Zimní noc bio 100 g syp.,0.400,gid://shopify/Product/15821928431950,zimni-noc-bio-45-g-porc-dvoukomorovy,"Zimní noc bio 45 g, porc. dvoukomorový",0.333,,,,,
chai-koreneny-sen-bio-porcovany-dvoukomorovy,Chai – Kořeněný sen,,,1,gid://shopify/Product/15821934231886,chai-koreneny-bio-324-g-porc-dvoukomorovy,"Chai kořeněný bio 32,4 g, porc. dvoukomorový",0.286,,,,,,,,,
jeziskuv-nebesky-caj-sypany-bio,Ježíškův nebeský čaj sypaný bio balení,https://www.sonnentor.com/cz/product-images/00539/34058/image-thumb__34058__product-teaser-img/00539.fb1048ca.jpg,00539,2,gid://shopify/Product/15821928071502,jeziskuv-nebesky-caj-bio-60-g-syp,Ježíškův nebeský® čaj bio 60 g syp.,0.500,gid://shopify/Product/15821928202574,jeziskuv-nebesky-caj-bio-27-g-porc-dvoukomorovy,"Ježíškův nebeský® čaj bio 27 g, porc. dvoukomorový",0.444,gid://shopify/Product/15821908541774,caj-stesti-bio-syp-50g,Čaj štěstí bio syp. 50g,0.222,
darkove-baleni-3-caju-jarni-poteseni-bio-detail,Dárkové balení 3 čajů - Jarní potěšení bio,https://www.sonnentor.com/cz/product-images/33361/72083/image-thumb__72083__product-teaser-img/33361.391963f8.jpg,33361,1,gid://shopify/Product/15821922402638,darkove-baleni-2-caju-velikonoce,Dárkové balení 2 čajů - Velikonoce,0.429,gid://shopify/Product/15821923713358,darkove-baleni-3-caju-vanoce,Dárkové balení 3 čajů - Vánoce,0.429,gid://shopify/Product/15821923811662,darkove-baleni-2-caju-pratelstvi,Dárkové balení 2 čajů - Přátelství,0.429,
klidne-brisko-bio-porcovany-dvoukomorovy,Klidné bříško bio porcovaný dvoukomorový,https://www.sonnentor.com/cz/product-images/02629/72345/image-thumb__72345__product-teaser-img/02629.b2dca0d9.jpg,02629,8,gid://shopify/Product/15821909852494,kuc-kuc-bio-27g-porcdvoukomorovy,Kuc - kuc® bio 27g porc.dvoukomorový,0.250,gid://shopify/Product/15821911261518,dekuji-bio-27g-porc-dvoukomorovy,Děkuji bio 27g porc. dvoukomorový,0.250,gid://shopify/Product/15821913293134,uvolneni-bio-27g-porc-dvoukomorovy,Uvolnění bio 27g porc. dvoukomorový,0.250,
prvni-cajicek-bio-porcovany-dvoukomorovy,První čajíček bio porcovaný dvoukomorový,https://www.sonnentor.com/cz/product-images/02628/72349/image-thumb__72349__product-teaser-img/02628.82815f3c.jpg,02628,4,gid://shopify/Product/15821909852494,kuc-kuc-bio-27g-porcdvoukomorovy,Kuc - kuc® bio 27g porc.dvoukomorový,0.250,gid://shopify/Product/15821911261518,dekuji-bio-27g-porc-dvoukomorovy,Děkuji bio 27g porc. dvoukomorový,0.250,gid://shopify/Product/15821913293134,uvolneni-bio-27g-porc-dvoukomorovy,Uvolnění bio 27g porc. dvoukomorový,0.250,
rooibos-pomeranc-bio-porcovany-dvoukomorovy,Rooibos Pomeranč bio porcovaný dvoukomorový,https://www.sonnentor.com/cz/product-images/02616/71975/image-thumb__71975__product-teaser-img/02616.c4dda3a1.jpg,02616,2,gid://shopify/Product/15821923221838,rooibos-natur-bio-216-g-porc-dvoukomorovy,"Rooibos natur bio 21,6 g porc. dvoukomorový",0.375,gid://shopify/Product/15821923287374,rooibos-vanilka-bio-216-g-porc-dvoukomorovy,"Rooibos Vanilka bio 21,6 g porc. dvoukomorový",0.375,gid://shopify/Product/15821934297422,chai-rooibos-bio-324-g-porc-dvoukomorovy,"Chai rooibos bio 32,4 g, porc. dvoukomorový",0.375,
bylinkove-kouzlo-sirup-bio-lahev,Bylinkové kouzlo sirup bio balení,https://www.sonnentor.com/cz/product-images/00638/72405/image-thumb__72405__product-teaser-img/00638.9984e4dd.jpg,00638,3,gid://shopify/Product/15821908705614,malina-sirup-bio-500-ml,Malina sirup bio 500 ml,0.250,gid://shopify/Product/15821909229902,majoranka-bio-110-g-gastro-baleni,"Majoránka bio 110 g, gastro balení",0.250,gid://shopify/Product/15821913489742,brusinka-sirup-bio-500-ml,Brusinka sirup bio 500 ml,0.250,
horky-pomeranc-sirup-bio-lahev,Hořký pomeranč sirup bio láhev,https://www.sonnentor.com/cz/product-images/01355/120624/image-thumb__120624__product-teaser-img/01355.aa899efe.jpg,01355,1,gid://shopify/Product/15821908705614,malina-sirup-bio-500-ml,Malina sirup bio 500 ml,0.250,gid://shopify/Product/15821911490894,pomeranc-bio-etericky-olej-10ml,Pomeranč bio éterický olej 10ml,0.250,gid://shopify/Product/15821913489742,brusinka-sirup-bio-500-ml,Brusinka sirup bio 500 ml,0.250,
bergamot-sirup-bio-lahev,Bergamot sirup bio láhev,https://www.sonnentor.com/cz/product-images/01353/120625/image-thumb__120625__product-teaser-img/01353.6fdb0447.jpg,01353,1,gid://shopify/Product/15821908705614,malina-sirup-bio-500-ml,Malina sirup bio 500 ml,0.286,gid://shopify/Product/15821911294286,bergamot-bio-etericky-olej-10ml,Bergamot bio éterický olej 10ml,0.286,gid://shopify/Product/15821913489742,brusinka-sirup-bio-500-ml,Brusinka sirup bio 500 ml,0.286,
pepr-bily-cely-bio-krabicka,bílým,https://www.sonnentor.com/cz/product-images/00342/33160/image-thumb__33160__product-teaser-img/00342.f9840ed1.jpg,00342,2,,,,,,,,,,,,,
ovocny-poklad-sirup-bio-lahev,Ovocný poklad sirup bio balení,https://www.sonnentor.com/cz/product-images/00639/72404/image-thumb__72404__product-teaser-img/00639.3a22f187.jpg,00639,3,gid://shopify/Product/15821908640078,ovocny-sen-bio-syp-100g,Ovocný sen bio syp. 100g,0.250,gid://shopify/Product/15821908705614,malina-sirup-bio-500-ml,Malina sirup bio 500 ml,0.250,gid://shopify/Product/15821909229902,majoranka-bio-110-g-gastro-baleni,"Majoránka bio 110 g, gastro balení",0.250,
kouzlo-krbu-caj-sypany-bio,Kouzlo krbu sypané bio balení,https://www.sonnentor.com/cz/product-images/00555/34181/image-thumb__34181__product-teaser-img/00555.addedabd.jpg,00555,1,gid://shopify/Product/15821928628558,kouzlo-krbu-bio-100-g-syp,Kouzlo krbu bio 100 g syp.,0.429,gid://shopify/Product/15821928694094,kouzlo-krbu-bio-45-g-porc-dvoukomorovy,"Kouzlo krbu bio 45 g, porc. dvoukomorový",0.375,gid://shopify/Product/15821934887246,kouzlo-krbu-etericky-olej-bio-10-ml,Kouzlo krbu éterický olej bio 10 ml,0.333,
nadechnuti-v-lese-bio-pyramidalni-sacky,Nadechnutí v lese,,,1,gid://shopify/Product/15821935771982,nadechnuti-v-lese-bio-syp-50-g,Nadechnutí v lese bio syp. 50 g,0.400,gid://shopify/Product/15821925810510,nadechnuti-v-lese-bio-216-g-porc-dvoukomorovy,"Nadechnutí v lese bio 21,6 g porc. dvoukomorový",0.333,,,,,
seminka-horcice-cerne-bio-krabicka,Hořčice černá semínka bio krabička,https://www.sonnentor.com/cz/product-images/00748/34369/image-thumb__34369__product-teaser-img/00748.55953f93.jpg,00748,2,gid://shopify/Product/15821915128142,horcice-zluta-bio-seminka-120g,"Hořčice žlutá bio, semínka 120g",0.429,gid://shopify/Product/15821914964302,horcice-bio-k-naklicovani-120-g,"Hořčice bio, k nakličování 120 g",0.286,,,,,
kurkuma-mleta-bio-dozicka,Kurkuma mletá bio dózička,https://www.sonnentor.com/cz/product-images/07355/33148/image-thumb__33148__product-teaser-img/07335.4c6b0500.jpg,07335,2,gid://shopify/Product/15821932822862,kurkuma-bio-mleta-500g-gastro-baleni,"Kurkuma bio, mletá 500g, gastro balení",0.429,gid://shopify/Product/15821907820878,kurkuma-bio-40g,Kurkuma bio 40g,0.400,gid://shopify/Product/15821908050254,vanilka-bio-mleta-10-g,"Vanilka bio, mletá 10 g",0.333,
vysmatea-bio-porcovany-dvoukomorovy,VysmáTea bio porcovaný dvoukomorový,https://www.sonnentor.com/cz/product-images/33410/83118/image-thumb__83118__product-teaser-img/33410.ffc89db7.jpg,33410,1,gid://shopify/Product/15821909852494,kuc-kuc-bio-27g-porcdvoukomorovy,Kuc - kuc® bio 27g porc.dvoukomorový,0.286,gid://shopify/Product/15821911261518,dekuji-bio-27g-porc-dvoukomorovy,Děkuji bio 27g porc. dvoukomorový,0.286,gid://shopify/Product/15821913293134,uvolneni-bio-27g-porc-dvoukomorovy,Uvolnění bio 27g porc. dvoukomorový,0.286,
vysmatea-sypany-bio-baleni,VysmáTea sypaný bio balení,https://www.sonnentor.com/cz/product-images/33409/83120/image-thumb__83120__product-teaser-img/33409.01b9e777.jpg,33409,1,gid://shopify/Product/15821909229902,majoranka-bio-110-g-gastro-baleni,"Majoránka bio 110 g, gastro balení",0.286,gid://shopify/Product/15821907198286,kmin-bio-cely-600-g-gastro-baleni,"Kmín bio, celý 600 g, gastro balení",0.250,gid://shopify/Product/15821907263822,kmin-bio-mlety-580-g-gastro-baleni,"Kmín bio, mletý 580 g, gastro balení",0.250,
pikantni-smesi,něčeho ostřejšího,,,1,,,,,,,,,,,,,
provensalske-koreni-bio-krabicka,Provensálském koření,https://www.sonnentor.com/cz/product-images/00337/33428/image-thumb__33428__product-teaser-img/00337.2a68dbfb.jpg,00337,3,gid://shopify/Product/15821907329358,polevkove-koreni-bio-25g,Polévkové koření bio 25g,0.200,gid://shopify/Product/15821926400334,italske-koreni-bio-20g,Italské koření bio 20g,0.200,gid://shopify/Product/15821927743822,provensalske-koreni-bio-20-g,Provensálské koření bio 20 g,0.200,
sypane,sypaný čaj,,,4,,,,,,,,,,,,,
porcovane,čajů v sáčcích,,,3,gid://shopify/Product/15821922402638,darkove-baleni-2-caju-velikonoce,Dárkové balení 2 čajů - Velikonoce,0.200,gid://shopify/Product/15821923713358,darkove-baleni-3-caju-vanoce,Dárkové balení 3 čajů - Vánoce,0.200,gid://shopify/Product/15821923811662,darkove-baleni-2-caju-pratelstvi,Dárkové balení 2 čajů - Přátelství,0.200,
bylinne-caje,bylinkový,,,4,,,,,,,,,,,,,
ovocne-caje,ovocný,,,3,gid://shopify/Product/15821908640078,ovocny-sen-bio-syp-100g,Ovocný sen bio syp. 100g,0.200,,,,,,,,,
bile-zelene-a-cerne-caje,zelený nebo černý čaj,,,4,gid://shopify/Product/15821909164366,neodolatelny-darjeeling-bio-cerny-caj-100g-syp,"Neodolatelný Darjeeling bio, černý čaj, 100g syp.",0.222,gid://shopify/Product/15821910475086,charismaticky-gunpowder-bio-zeleny-caj-100-g-syp,"Charismatický Gunpowder bio, zelený čaj 100 g, syp.",0.222,gid://shopify/Product/15821911032142,pravy-cinsky-zeleny-caj-bio-100-g-syp,"Pravý čínský zelený čaj bio 100 g, syp.",0.222,
chai,chai směsi,,,1,,,,,,,,,,,,,
darkovy-box-vanoce-s-vuni-koreni,Dárkový box - Vánoce s vůní koření,https://www.sonnentor.com/cz/product-images/33524/98500/image-thumb__98500__product-teaser-img/33524.63ff8c54.jpg,33524,1,gid://shopify/Product/15821935444302,papirovy-darkovy-box-na-6-koreni-prazdny,"Papírový dárkový box na 6 koření, prázdný",0.375,gid://shopify/Product/15821933838670,darkovy-box-z-lasky,Dárkový box - Z lásky,0.333,gid://shopify/Product/15821930135886,koreni-peti-vuni-bio-55-g,Koření pěti vůní bio 55 g,0.250,
pohlednice-radostne-vanoce,pohlednici,,,1,,,,,,,,,,,,,
cokokulicky-bio-baleni,,,,1,,,,,,,,,,,,,
cerne-caje,černý čaj,,,2,gid://shopify/Product/15821909164366,neodolatelny-darjeeling-bio-cerny-caj-100g-syp,"Neodolatelný Darjeeling bio, černý čaj, 100g syp.",0.286,gid://shopify/Product/15821913751886,cerny-caj-broskev-sirup-bio-500-ml,Černý čaj - broskev sirup bio 500 ml,0.286,gid://shopify/Product/15821916406094,silny-assam-bio-cerny-caj-95g-syp,"Silný Assam bio, černý čaj, 95g syp.",0.286,
zelene-caje,Zelený čaj,,,3,gid://shopify/Product/15821910475086,charismaticky-gunpowder-bio-zeleny-caj-100-g-syp,"Charismatický Gunpowder bio, zelený čaj 100 g, syp.",0.286,gid://shopify/Product/15821911032142,pravy-cinsky-zeleny-caj-bio-100-g-syp,"Pravý čínský zelený čaj bio 100 g, syp.",0.286,gid://shopify/Product/15821920436558,povznasejici-sencha-bio-zeleny-caj-70-g-syp,"Povznášející Sencha bio, zelený čaj, 70 g syp.",0.286,
bile-caje,Bílý čaj,,,2,gid://shopify/Product/15821910737230,noblesni-pai-mu-tan-bio-bily-caj-40-g-syp,"Noblesní Pai Mu Tan bio, bílý čaj, 40 g  syp.",0.222,gid://shopify/Product/15821910704462,noblesni-pai-mu-tan-bio-bily-caj-18-g-porc-dvoukomorovy,"Noblesní Pai Mu Tan bio, bílý čaj, 18 g porc. dvoukomorový",0.200,,,,,
zeleny-caj-s-citronovou-travou-bio-porcovany-dvoukomorovy,Zelený čaj s citronovou trávou bio porcovaný dvoukomorový,https://www.sonnentor.com/cz/product-images/02226/34654/image-thumb__34654__product-teaser-img/02226.06275859.jpg,02226,1,gid://shopify/Product/15821910966606,pravy-cinsky-zeleny-caj-bio-27-g-porc-dvoukomorovy,Pravý čínský zelený čaj bio 27 g porc. dvoukomorový,0.364,gid://shopify/Product/15821930398030,povznasejici-sencha-bio-zeleny-caj-216-g-porc-dvoukomorovy,"Povznášející Sencha bio, zelený čaj, 21,6 g, porc. dvoukomorový",0.364,gid://shopify/Product/15821916569934,puvabna-jasmin-bio-ovoneny-zeleny-caj-27-g-porc-dvoukomorovy,"Půvabná Jasmín bio, ovoněný zelený čaj,  27 g porc. dvoukomorový",0.333,
rada-sv-hildegardy,řady věnované sv. Hildegardě,,,1,,,,,,,,,,,,,
detske-caje,řady Biorarášci®,,,2,gid://shopify/Product/15821926039886,darkova-kazeta-cajova-biorarasci,Dárková kazeta čajová – Biorarášci,0.200,,,,,,,,,
vzorek-p99797,Osvěžení,,,1,gid://shopify/Product/15821910016334,osvezeni-bio-syp-50g,Osvěžení bio syp. 50g,0.250,,,,,,,,,
advent-a-vanoce,vánoční čaj,,,1,,,,,,,,,,,,,
sypane-ovocne-caje,sypaného čaje,,,1,,,,,,,,,,,,,
ledove-caje,Ledové čaje,,,1,,,,,,,,,,,,,
rimsky-kmin-mlety-bio-krabicka,římský kmín,,,1,gid://shopify/Product/15821911064910,kmin-rimsky-bio-mlety-40g,"Kmín římský bio, mletý 40g",0.400,gid://shopify/Product/15821911130446,kmin-rimsky-bio-cely-40g,"Kmín římský bio, celý 40g",0.400,gid://shopify/Product/15821907132750,kmin-bio-cely-60g,"Kmín bio, celý 60g",0.200,
best-team-bio-porcovany-dvoukomorovy,Best TEAm bio porcovaný dvoukomorový,https://www.sonnentor.com/cz/product-images/02624/65450/image-thumb__65450__product-teaser-img/02624.2ffc7117.jpg,02624,1,gid://shopify/Product/15821909852494,kuc-kuc-bio-27g-porcdvoukomorovy,Kuc - kuc® bio 27g porc.dvoukomorový,0.250,gid://shopify/Product/15821911261518,dekuji-bio-27g-porc-dvoukomorovy,Děkuji bio 27g porc. dvoukomorový,0.250,gid://shopify/Product/15821913293134,uvolneni-bio-27g-porc-dvoukomorovy,Uvolnění bio 27g porc. dvoukomorový,0.250,
bobkovy-list-bio-gastro-doza-velka,Bobkový list bio gastro dóza velká,https://www.sonnentor.com/cz/product-images/98335/33134/image-thumb__33134__product-teaser-img/98335_Bobkov%C3%BD%20list.45f08e9a.jpg,,1,gid://shopify/Product/15821907722574,bobkovy-list-bio-50-g-gastro-baleni,"Bobkový list bio 50 g, gastro balení",0.500,gid://shopify/Product/15821907755342,bobkovy-list-bio-10g,Bobkový list bio 10g,0.429,gid://shopify/Product/15821909229902,majoranka-bio-110-g-gastro-baleni,"Majoránka bio 110 g, gastro balení",0.222,
