sourceHandle,sourceTitle,sourceImage,sourceCode,resolvedGid,resolvedHandle,resolvedTitle,method,referenceCount
vanocni-cukrovani-bio-dozicka,Vánoční cukrování bio dózička,https://www.sonnentor.com/cz/product-images/07771/97457/image-thumb__97457__product-teaser-img/07771.e402cdb7.jpg,07771,gid://shopify/Product/15821934920014,vanocni-cukrovani-bio-70-g-dozicka,"Vánoční cukrování bio 70 g, dózička",image-code,15
zeleninova-polevka-sv-hildegardy-bio-sklenice,1 l Zeleninová polévka sv. Hildegardy,https://www.sonnentor.com/cz/product-images/01420/70604/image-thumb__70604__product-teaser-img/01420.5b37a9fd.jpg,01420,gid://shopify/Product/15821924008270,zeleninova-polevka-sv-hildegardy-bio-ve-sklenicce,Zeleninová polévka sv. Hildegardy bio ve skleničce,image-code,13
vanilka-lusk-bio-baleni2,Vanilka lusk bio,https://www.sonnentor.com/cz/product-images/00671/61455/image-thumb__61455__product-teaser-img/00671.0ab47ce1.jpg,00671,gid://shopify/Product/15821921812814,vanilka-lusk-bio-1-ks,Vanilka lusk bio 1 ks,image-code,17
kmin-krizovy-matersky-cumin-mlety-bio-krabicka,Kmín římský mletý bio,https://www.sonnentor.com/cz/product-images/00747/33858/image-thumb__33858__product-teaser-img/00747.df8fa4c6.jpg,00747,gid://shopify/Product/15821911064910,kmin-rimsky-bio-mlety-40g,"Kmín římský bio, mletý 40g",image-code,13
zeleninova-polevka-sv-hildegardy-bujon-bio,Zeleninová polévka sv. Hildegardy – bujón bio,https://www.sonnentor.com/cz/product-images/01406/86578/image-thumb__86578__product-teaser-img/01406.197d37c9.jpg,01406,gid://shopify/Product/15821929120078,zeleninova-polevka-sv-hildegardy-bio-cz,Zeleninová polévka sv. Hildegardy bio CZ,image-code,12
ledovy-dzbanek-mata-cokoladova-verbena-bio-pyramidalni-sacky,Ledový džbánek® čokoládová máta – verbena bio pyramidální sáčky,https://www.sonnentor.com/cz/product-images/08004/34601/image-thumb__34601__product-teaser-img/08004.233fdaf9.jpg,08004,gid://shopify/Product/15821916143950,ledovy-dzbanek-cokoladova-mata-verbena-bio-32g-pyramida,Ledový džbánek® čokoládová máta – verbena bio 32g pyramida,image-code,8
ayurvedska-kouzelna-sul-do-mlynku-krabicka,Ayurvédská kouzelná sůl do mlýnku,https://www.sonnentor.com/cz/product-images/00714/33333/image-thumb__33333__product-teaser-img/00714.128d077a.jpg,00714,gid://shopify/Product/15821908836686,ayurvedska-kouzelna-sul-do-mlynku-konv-150g,Ayurvédská kouzelná sůl do mlýnku konv. 150g,image-code,18
levandule-etericky-olej-bio,10 kapek Levandule,https://www.sonnentor.com/cz/product-images/15021/33895/image-thumb__33895__product-teaser-img/15021.73698b7a.jpg,15021,gid://shopify/Product/15821911228750,levandule-bio-etericky-olej-10ml,Levandule bio éterický olej 10ml,image-code,30
chilli-con-carne-dona-rodriqueze-bio-krabicka,Chili con Carne dona Rodrigueze bio krabička,https://www.sonnentor.com/cz/product-images/00484/34747/image-thumb__34747__product-teaser-img/00484.1db98888.jpg,00484,gid://shopify/Product/15821916864846,chili-con-carne-dona-rodrigueze-bio-40g,Chili con Carne dona Rodrigueze bio 40g,image-code,9
santina-tandoori-masala-bio-krabicka,Šántina tandoori masala bio krabička,https://www.sonnentor.com/cz/product-images/00760/34406/image-thumb__34406__product-teaser-img/00760.74659423.jpg,00760,gid://shopify/Product/15821914374478,santina-tandoori-masala-bio-32g,Šántina tandoori masala bio 32g,image-code,14
pepr-cerny-mlety-bio-krabicka,Pepř černý mletý bio krabička,https://www.sonnentor.com/cz/product-images/00339/33146/image-thumb__33146__product-teaser-img/pepr_cerny_mlety.d8d3d9db.jpg,,gid://shopify/Product/15821921681742,pepr-cerny-bio-mlety-50g,"Pepř černý bio, mletý 50g",title-fuzzy-0.67,6
silny-manuka-med-bio,Manuka med bio,https://www.sonnentor.com/cz/product-images/00071/34539/image-thumb__34539__product-teaser-img/00071.af39450c.jpg,00071,gid://shopify/Product/15821915291982,manuka-med-bio-250g,"Manuka med bio, 250g",image-code,22
zazvor-mlety-bio-krabicka,Zázvor mletý bio krabička,https://www.sonnentor.com/cz/product-images/00331/33098/image-thumb__33098__product-teaser-img/00331.8f390e1c.jpg,00331,gid://shopify/Product/15821926793550,zazvor-bio-mlety-30-g,"Zázvor bio, mletý 30 g",title-fuzzy-0.60,13
pepr-cerny-cely-v-mlynku-bio,Pepř černý celý v mlýnku bio,https://www.sonnentor.com/cz/product-images/01331/34376/image-thumb__34376__product-teaser-img/pep%C5%99%20%C4%8Dern%C3%BD%20v%20ml%C3%BDnku.21ba4d41.jpg,,gid://shopify/Product/15821921616206,pepr-cerny-bio-cely-55g,"Pepř černý bio, celý 55g",title-fuzzy-0.67,2
raraskovo-lieblingskakao-kakaovy-napoj-bio-doza,100 g Raráškovo Lieblingskakao kakaový nápoj,https://www.sonnentor.com/cz/product-images/00967/72326/image-thumb__72326__product-teaser-img/00967.10189652.jpg,00967,gid://shopify/Product/15821924893006,raraskovo-lieblingskakao-biorarasci-bio-300g,Raráškovo Lieblingskakao Biorarášci bio 300g,image-code,15
tymian-bio-krabicka,Tymián bio krabička,https://www.sonnentor.com/cz/product-images/00318/33072/image-thumb__33072__product-teaser-img/00318_tymian.1f7f0c6d.jpg,,gid://shopify/Product/15821921747278,tymian-bio-20g,Tymián bio 20g,title-fuzzy-0.50,4
smokey-paprika-uzena-bio-krabicka,Smokey Paprika uzená bio krabička,https://www.sonnentor.com/cz/product-images/00865/35104/image-thumb__35104__product-teaser-img/00865_Smokey_paprika.30556020.jpg,,gid://shopify/Product/15821926302030,smokey-paprika-bio-uzena-50g,"Smokey Paprika bio, uzená 50g",title-fuzzy-0.67,8
vsechno-nejmilejsi-kouzelna-sul-s-kvety-bio-krabicka,Milostná kouzelná sůl s květy bio krabička,https://www.sonnentor.com/cz/product-images/00780/34557/image-thumb__34557__product-teaser-img/00780.5fee7aea.jpg,00780,gid://shopify/Product/15821911163214,stredomorska-kouzelna-sul-s-kvety-bio-120g,Středomořská kouzelná sůl s květy bio 120g,title-fuzzy-0.50,2
kouzlo-krbu-bio,trochu Kouzlo krbu,https://www.sonnentor.com/cz/product-images/15226/98173/image-thumb__98173__product-teaser-img/15226.fd8373ab.jpg,15226,gid://shopify/Product/15821934887246,kouzlo-krbu-etericky-olej-bio-10-ml,Kouzlo krbu éterický olej bio 10 ml,image-code,5
sul-na-vejce-od-zajice-bio-dozicka,Sůl na vejce od zajíce bio dózička,https://www.sonnentor.com/cz/product-images/07301/34988/image-thumb__34988__product-teaser-img/07301_Su%CC%8Al%20na%20vejce%20od%20Zaji%CC%81ce%20NEW.6d229ead.jpg,,gid://shopify/Product/15821917749582,sul-na-vejce-od-zajice-bio-90g-dozicka,Sůl na vejce od zajíce bio 90g dózička,title-fuzzy-0.88,10
pepr-cerny-cely-bio-krabicka,Pepř černý celý bio krabička,https://www.sonnentor.com/cz/product-images/00330/33142/image-thumb__33142__product-teaser-img/pepr_cerny_cely.1e2db6f0.jpg,,gid://shopify/Product/15821921616206,pepr-cerny-bio-cely-55g,"Pepř černý bio, celý 55g",title-fuzzy-0.67,2
ledovy-dzbanek-pomeranc-bazalka-bio-pyramidalni-sacky,Ledový džbánek® pomeranč – bazalka bio pyramidální sáčky,https://www.sonnentor.com/cz/product-images/08005/35284/image-thumb__35284__product-teaser-img/08005.b94a48aa.jpg,08005,gid://shopify/Product/15821920502094,ledovy-dzbanek-pomeranc-bazalka-bio-40g-pyramida,Ledový džbánek® pomeranč – bazalka bio 40g pyramida,image-code,8
pikantni-polevka-bujon-bio-baleni,Pikantní polévka – bujón bio,https://www.sonnentor.com/cz/product-images/01401/70602/image-thumb__70602__product-teaser-img/01401.44e34af1.jpg,01401,gid://shopify/Product/15821923877198,pikantni-polevka-bio-60g,Pikantní polévka bio 60g,image-code,1
citron-etericky-olej-bio2,Citron éterický olej bio balení,https://www.sonnentor.com/cz/product-images/17060/60596/image-thumb__60596__product-teaser-img/17060.f49396d6.jpg,17060,gid://shopify/Product/15821934166350,citron-bio-etericky-olej-5-ml,"Citron bio, éterický olej 5 ml",title-fuzzy-0.67,4
aladinovo-koreni-do-kavy-bio-dozicka,Aladinovo koření do kávy bio dózička,https://www.sonnentor.com/cz/product-images/07757/34386/image-thumb__34386__product-teaser-img/07757.f4e97d29.jpg,07757,gid://shopify/Product/15821914276174,aladinovo-koreni-do-kavy-bio-35g-dozicka,Aladinovo koření do kávy bio 35g dózička,image-code,3
ovoce-zele-s-ovocnou-prichuti-bio-baleni,Ovoce – želé s ovocnou příchutí bio,https://www.sonnentor.com/cz/product-images/00970/72064/image-thumb__72064__product-teaser-img/00970.6b93e888.jpg,00970,gid://shopify/Product/15821924073806,ovoce-zele-s-ovocnou-prichuti-bio-100g,Ovoce - želé s ovocnou příchutí bio 100g,image-code,10
medova-srdicka-keksy-bezlepkove-bio-krabicka,Medová srdíčka bio,https://www.sonnentor.com/cz/product-images/00959/34966/image-thumb__34966__product-teaser-img/00959.89bae8a5.jpg,00959,gid://shopify/Product/15821917684046,medova-srdicka-bezlepkova-bio-100g,Medová srdíčka bezlepková bio 100g,image-code,8
jogurtove-ovoce-zele-s-jogurtem-a-ovocnou-prichuti-bio-baleni,hrst Jogurtové ovoce – želé s jogurtem a ovocnou příchutí,https://www.sonnentor.com/cz/product-images/00969/72070/image-thumb__72070__product-teaser-img/00969.b18d8bd0.jpg,00969,gid://shopify/Product/15821924598094,jogurtove-ovoce-zele-s-jogurtem-a-ovocnou-prichuti-bio-100g,Jogurtové ovoce - želé s jogurtem a ovocnou příchutí bio 100g,image-code,9
povzbudivy-english-breakfast-bio-baleni,Povzbudivý English Breakfast bio balení,https://www.sonnentor.com/cz/product-images/00685/88815/image-thumb__88815__product-teaser-img/00685.54f5c46b.jpg,00685,gid://shopify/Product/15821931151694,povzbudivy-english-breakfast-cerny-caj-bio-70-g-syp,"Povzbudivý English Breakfast, černý čaj bio, 70 g syp.",image-code,5
kurkuma-latte-zazvor-bio-doza,špetka Kurkuma Latte zázvor,https://www.sonnentor.com/cz/product-images/09831/34839/image-thumb__34839__product-teaser-img/09831.853f0186.jpg,09831,gid://shopify/Product/15821917126990,kurkuma-latte-zazvor-bio-60g-doza,Kurkuma Latte - zázvor bio 60g dóza,image-code,6
manuka-pastilky-bio,Manuka pastilky bio,https://www.sonnentor.com/cz/product-images/00964/35270/image-thumb__35270__product-teaser-img/00964.37b1d1ae.jpg,00964,gid://shopify/Product/15821920174414,manuka-pastilky-bio-224g,"Manuka pastilky bio 22,4g",image-code,6
batuzek-sonnentor-bio,Batůžek SONNENTOR bio,https://www.sonnentor.com/cz/product-images/33199/35202/image-thumb__35202__product-teaser-img/33199.7e02642f.jpg,33199,gid://shopify/Product/15821919224142,batuzek-sonnentor,Batůžek Sonnentor,image-code,3
smaltovany-hrnicek-se-slunickem,Smaltovaný hrníček se sluníčkem,https://www.sonnentor.com/cz/product-images/33040/34664/image-thumb__34664__product-teaser-img/33040.08bc8643.jpg,33040,gid://shopify/Product/15821916504398,smaltovany-hrnicek-se-slunickem-04l,"Smaltovaný hrníček se sluníčkem 0,4l",image-code,3
spaldove-krekry-bio,Špaldové krekry bio,https://www.sonnentor.com/cz/product-images/33328/65838/image-thumb__65838__product-teaser-img/33328.e4e3fbc3.jpg,33328,gid://shopify/Product/15821922664782,spaldove-bio-krekry-100g,Špaldové bio krekry 100g,image-code,3
andel-strazny-keksy-bio-krabicka,Keksy Anděl strážný® bio,https://www.sonnentor.com/cz/product-images/00132/34335/image-thumb__34335__product-teaser-img/00132.0eaff75e.jpg,00132,gid://shopify/Product/15821914177870,keksy-andel-strazny-bio-125-g,Keksy Anděl strážný® bio 125 g,image-code,7
ovocni-medvidci-zele-s-ovocnou-prichuti-bio-baleni,Ovocní medvídci – želé s ovocnou příchutí bio,https://www.sonnentor.com/cz/product-images/00971/72066/image-thumb__72066__product-teaser-img/00971.80abfbd1.jpg,00971,gid://shopify/Product/15821924204878,ovocni-medvidci-zele-s-ovocnou-prichuti-bio-100g,Ovocní medvídci - želé s ovocnou příchutí bio 100g,image-code,9
vonny-kaminek,Vonný kamínek,https://www.sonnentor.com/cz/product-images/50203/34569/image-thumb__34569__product-teaser-img/50203.27ce66a7.jpg,50203,gid://shopify/Product/15821915717966,vonny-kaminek,Vonný kamínek,image-code,3
jablecny-strudl-caj-bio-porcovany-dvoukomorovy,Jablečný štrúdl bio porcovaný dvoukomorový,https://www.sonnentor.com/cz/product-images/02236/34837/image-thumb__34837__product-teaser-img/02236_.10aa33bc.jpg,,gid://shopify/Product/15821917061454,jablecny-strudl-bio-45g-porc-dvoukomorovy,Jablečný štrúdl bio 45g porc. dvoukomorový,title-fuzzy-0.57,7
sonnentor-adventni-kalendar-r-koreni-bio,SONNENTOR Adventní kalendář® koření bio,https://www.sonnentor.com/cz/product-images/01272/109028/image-thumb__109028__product-teaser-img/01272.39f433f2.jpg,01272,gid://shopify/Product/15821935280462,sonnentor-adventni-kalendar-koreni-bio-118-g,SONNENTOR Adventní kalendář® koření bio 118 g,image-code,3
darkova-kazeta-cajova-puvabny-cas-vanoc-darkova-kazeta-cajova-puvabny-cas-vanoc-bio,Dárková kazeta čajová – Půvabný čas Vánoc bio,https://www.sonnentor.com/cz/product-images/33458/90836/image-thumb__90836__product-teaser-img/33458.16cfa60b.jpg,33458,gid://shopify/Product/15821932495182,darkova-kazeta-cajova-puvabny-cas-vanoc,Dárková kazeta čajová - Půvabný čas Vánoc,image-code,2
darkova-kazeta-cajova-kouzlo-zimnich-veceru-darkova-kazeta-cajova-kouzlo-zimnich-veceru-bio,Dárková kazeta čajová – Kouzlo zimních večerů bio,https://www.sonnentor.com/cz/product-images/33459/90834/image-thumb__90834__product-teaser-img/33459.5681b596.jpg,33459,gid://shopify/Product/15821932396878,darkova-kazeta-cajova-kouzlo-zimnich-veceru,Dárková kazeta čajová – Kouzlo zimních večerů,image-code,2
darkova-kazeta-cajova-pro-radost-bio,Dárková kazeta čajová – Pro radost bio,https://www.sonnentor.com/cz/product-images/33460/91341/image-thumb__91341__product-teaser-img/33460.e01f2b55.jpg,33460,gid://shopify/Product/15821932691790,darkova-kazeta-cajova-pro-radost,Dárková kazeta čajová - Pro radost,image-code,3
london-bus-bio,London Bus bio,https://www.sonnentor.com/cz/product-images/01982/89129/image-thumb__89129__product-teaser-img/01982..08c3929b.jpg,01982,gid://shopify/Product/15821931217230,london-bus-bio-cerne-caje,"London Bus bio, černé čaje",image-code,4
darkovy-box-z-lasky,Dárkový box - Z lásky,https://www.sonnentor.com/cz/product-images/33508/96158/image-thumb__96158__product-teaser-img/33508.36c7b0a9.jpg,33508,gid://shopify/Product/15821933838670,darkovy-box-z-lasky,Dárkový box - Z lásky,image-code,5
grilovaci-sada3,Grilovací sada,https://www.sonnentor.com/cz/product-images/01821/107191/image-thumb__107191__product-teaser-img/01821.f330bce6.jpg,01821,gid://shopify/Product/15821935247694,grilovaci-sada-bio,Grilovací sada bio,image-code,5
ledovy-dzbanek-jahoda-zazvor-bio-pyramidalni-sacky,Ledový džbánek® jahoda – zázvor bio pyramidální sáčky,https://www.sonnentor.com/cz/product-images/08003/34599/image-thumb__34599__product-teaser-img/08003.f3095b27.jpg,08003,gid://shopify/Product/15821916045646,ledovy-dzbanek-jahoda-zazvor-bio-448g-pyramida,"Ledový džbánek® jahoda – zázvor bio 44,8g pyramida",image-code,5
grilovaci-sada,Grilovací sada,https://www.sonnentor.com/cz/product-images/01938/35139/image-thumb__35139__product-teaser-img/01938.8568cf93.jpg,01938,gid://shopify/Product/15821935247694,grilovaci-sada-bio,Grilovací sada bio,title-fuzzy-0.67,3
cernucha-cela-bio-baleni,Černucha celá bio balení,https://www.sonnentor.com/cz/product-images/00676/82538/image-thumb__82538__product-teaser-img/676.9ba814a7.jpg,,gid://shopify/Product/15821926564174,cernucha-bio-cela-50g,"Černucha bio, celá 50g",title-fuzzy-0.60,3
pepr-zeleny-cely-bio-krabicka,Pepř zelený celý bio krabička,https://www.sonnentor.com/cz/product-images/00723/33568/image-thumb__33568__product-teaser-img/00723.c0855ac8.jpg,00723,gid://shopify/Product/15821929644366,pepr-zeleny-bio-20-g-cely,"Pepř zelený bio 20 g, celý",title-fuzzy-0.67,3
vanilka-extrakt-etericky-olej-bio2,Vanilka extrakt éterický olej bio balení,https://www.sonnentor.com/cz/product-images/17053/60598/image-thumb__60598__product-teaser-img/17053.89734709.jpg,17053,gid://shopify/Product/15821934133582,vanilka-extrakt-bio-etericky-olej-5-ml,"Vanilka extrakt bio, éterický olej 5 ml",title-fuzzy-0.71,3
garam-masala-bio-krabicka,Garam masala bio krabička,https://www.sonnentor.com/cz/product-images/00724/34208/image-thumb__34208__product-teaser-img/00724.7b053b70.jpg,00724,gid://shopify/Product/15821929808206,garam-masala-bio-55-g,Garam Masala bio 55 g,title-fuzzy-0.60,4
sonnentor-taska-z-biobavlny-bylinky-bio,SONNENTOR taška z biobavlny Bylinky bio,https://www.sonnentor.com/cz/product-images/33450/87498/image-thumb__87498__product-teaser-img/33450%20.89f6b71b.jpg,,gid://shopify/Product/15821929546062,sonnentor-taska-z-biobavlny-bylinky,Sonnentor taška z biobavlny Bylinky,title-fuzzy-0.80,1
sonnentor-taska-z-biobavlny-dobra-nalada-bio,"SONNENTOR taška z biobavlny ""Dobrá nálada"" bio",https://www.sonnentor.com/cz/product-images/33449/87496/image-thumb__87496__product-teaser-img/33449%20.f466dae0.jpg,,gid://shopify/Product/15821929447758,sonnentor-taska-z-biobavlny-dobra-nalada,Sonnentor taška z biobavlny Dobrá nálada,title-fuzzy-0.83,2
kytice-chuti-poznavaci-sada-smesi-kvetu-a-koreni-bio,"Kytice chutí – poznávací sada, směsi květů a koření bio",https://www.sonnentor.com/cz/product-images/00980/72572/image-thumb__72572__product-teaser-img/00980.11b8ae84.jpg,00980,gid://shopify/Product/15821925548366,kytice-chuti-poznavaci-sada-bio-smesi-kvetu-a-koreni-50g,"Kytice chutí poznávací sada bio, směsi květů a koření 50g",image-code,5
darkova-baleni-2-caju-velikonoce-bio,Dárkové balení 2 čajů – Velikonoce bio,https://www.sonnentor.com/cz/product-images/33318/62217/image-thumb__62217__product-teaser-img/33318_Da%CC%81rkove%CC%81%20baleni%CC%81%202%20c%CC%8Caju%CC%8A%20%E2%80%93%20Velikonoce_redesign.98d02c2b.jpg,,gid://shopify/Product/15821922402638,darkove-baleni-2-caju-velikonoce,Dárkové balení 2 čajů - Velikonoce,title-fuzzy-0.80,5
koreni-na-vejce-bio-dozicka,Koření na vejce bio dózička,https://www.sonnentor.com/cz/product-images/07692/66185/image-thumb__66185__product-teaser-img/07692.74dc3816.jpg,07692,gid://shopify/Product/15821922763086,koreni-na-vejce-bio-70g,Koření na vejce bio 70g,title-fuzzy-0.67,3
andel-strazny-bio,Anděl strážný bio,https://www.sonnentor.com/cz/product-images/15207/98174/image-thumb__98174__product-teaser-img/15207.be405ba4.jpg,15207,gid://shopify/Product/15821934788942,andel-strazny-etericky-olej-bio-10-ml,Anděl strážný éterický olej bio 10 ml,image-code,5
keramicke-vonne-slunicko-se-snurkou,Keramické vonné sluníčko se šňůrkou divoký sběr,https://www.sonnentor.com/cz/product-images/50200/33791/image-thumb__33791__product-teaser-img/50200.895c0a4e.jpg,50200,gid://shopify/Product/15821910933838,keramicke-vonne-slunicko-se-snurkou,Keramické vonné sluníčko se šňůrkou,image-code,3
harmonie-bio,Harmonie bio,https://www.sonnentor.com/cz/product-images/15217/98172/image-thumb__98172__product-teaser-img/15217.e5ecd758.jpg,15217,gid://shopify/Product/15821934690638,harmonie-etericky-olej-bio-10-ml,Harmonie éterický olej bio 10 ml,image-code,5
dobra-nalada-etericky-olej-bio2,Dobrá nálada bio,https://www.sonnentor.com/cz/product-images/15206/98084/image-thumb__98084__product-teaser-img/15206.445e9600.jpg,15206,gid://shopify/Product/15821934854478,dobra-nalada-etericky-olej-bio-10-ml,Dobrá nálada éterický olej bio 10 ml,image-code,4
raraskuv-smaltovany-hrnicek,Raráškův smaltovaný hrníček,https://www.sonnentor.com/cz/product-images/33380/76112/image-thumb__76112__product-teaser-img/33380.fbb19310.jpg,33380,gid://shopify/Product/15821925941582,raraskuv-smaltovany-hrnicek-300-ml,"Raráškův smaltovaný hrníček, 300 ml",image-code,1
pomerancovy-caj-sypany-bio2,Pomerančový čaj,https://www.sonnentor.com/cz/product-images/00554/33518/image-thumb__33518__product-teaser-img/00554.0388c090.jpg,00554,gid://shopify/Product/15821910114638,pomerancovy-caj-bio-syp-100g,Pomerančový čaj bio syp. 100g,image-code,3
zimni-noc-sypana-bio-baleni,Zimní noc,https://www.sonnentor.com/cz/product-images/01203/86158/image-thumb__86158__product-teaser-img/01203.6e919252.jpg,01203,gid://shopify/Product/15821928333646,zimni-noc-bio-100-g-syp,Zimní noc bio 100 g syp.,image-code,5
lucni-kviti-bio-porcovany-dvoukomorovy,Luční kvítí bio porcovaný dvoukomorový,https://www.sonnentor.com/cz/product-images/02585/35214/image-thumb__35214__product-teaser-img/02585_lucni_kviti_new.ed09f865.jpg,,gid://shopify/Product/15821919519054,lucni-kviti-bio-27g-porc-dvoukomorovy,Luční kvítí bio 27g porc. dvoukomorový,title-fuzzy-0.57,4
velikonocni-nadilka-bio-porcovany-dvoukomorovy,Velikonoční nadílka,https://www.sonnentor.com/cz/product-images/01312/118843/image-thumb__118843__product-teaser-img/01312.7487648a.jpg,01312,gid://shopify/Product/15821936296270,velikonocni-nadilka-bio-324-g-porc-dvoukomorovy,"Velikonoční nadílka bio 32,4 g, porc. dvoukomorový",image-code,2
videnske-pokuseni-r-melange-prazena-kava-mleta-bio-baleni,Vídeňské pokušení® Melange pražená káva mletá bio,https://www.sonnentor.com/cz/product-images/01100/83152/image-thumb__83152__product-teaser-img/01100.1c186d52.jpg,01100,gid://shopify/Product/15821927416142,kava-videnske-pokuseni-melange-bio-prazena-mleta-500-g,"Káva Vídeňské pokušení® Melange bio, pražená, mletá 500 g",image-code,2
italske-koreni-rezane-bio-krabicka,Italské koření řezané bio krabička,https://www.sonnentor.com/cz/product-images/00776/34466/image-thumb__34466__product-teaser-img/00776.108dca56.jpg,00776,gid://shopify/Product/15821926400334,italske-koreni-bio-20g,Italské koření bio 20g,title-fuzzy-0.50,2
darkovy-box-kouzelny-vanocni-cas,Dárkový box - Kouzelný vánoční čas,https://www.sonnentor.com/cz/product-images/33552/110301/image-thumb__110301__product-teaser-img/33552.ba095cee.jpg,33552,gid://shopify/Product/15821936034126,darkovy-box-kouzelny-vanocni-cas,Dárkový box - Kouzelný vánoční čas,image-code,1
vanilka-lusk-bio-baleni,Vanilka lusk bio,https://www.sonnentor.com/cz/product-images/00395/33204/image-thumb__33204__product-teaser-img/00395.8_vanilka_lusk.18f39989.png,00395,gid://shopify/Product/15821921812814,vanilka-lusk-bio-1-ks,Vanilka lusk bio 1 ks,title-fuzzy-0.75,1
kardamom-mlety-bio-krabicka,Kardamom mletý bio krabička,https://www.sonnentor.com/cz/product-images/00349/33767/image-thumb__33767__product-teaser-img/00349_kardamom_mlety.f77f3a26.jpg,,gid://shopify/Product/15821921386830,kardamom-bio-mlety-50g,"Kardamom bio, mletý 50g",title-fuzzy-0.60,3
novorocni-caj-bio-porcovany-dvoukomorovy,Novoroční čaj bio porcovaný dvoukomorový,https://www.sonnentor.com/cz/product-images/02521/34950/image-thumb__34950__product-teaser-img/02521.593d83cf.jpg,02521,gid://shopify/Product/15821932757326,novorocni-caj-bio-27-g-porc-dvoukomorovy,"Novoroční čaj® bio 27 g, porc. dvoukomorový",title-fuzzy-0.57,2
bylinna-poznavaci-sada-bio-poznavaci-sada,Bylinná poznávací sada bio Poznávací sada,https://www.sonnentor.com/cz/product-images/02621/72035/image-thumb__72035__product-teaser-img/02621.f10a7853.jpg,02621,gid://shopify/Product/15821923516750,bylinna-poznavaci-sada-bio-285g-porc-dvoukomorovy,"Bylinná poznávací sada bio 28,5g porc. dvoukomorový",image-code,2
ovocna-poznavaci-sada-bio-poznavaci-sada,Ovocná poznávací sada bio Poznávací sada,https://www.sonnentor.com/cz/product-images/02620/72052/image-thumb__72052__product-teaser-img/02620.d0297081.jpg,02620,gid://shopify/Product/15821935018318,ovocna-poznavaci-sada-bio-484-g-porc-dvoukomorovy,"Ovocná poznávací sada bio 48,4 g porc. dvoukomorový",title-fuzzy-0.57,2
ochutnej-poznavaci-sada-bio-poznavaci-sada,Ochutnej poznávací sada bio Poznávací sada,https://www.sonnentor.com/cz/product-images/02619/72051/image-thumb__72051__product-teaser-img/02619.19c715a6.jpg,02619,gid://shopify/Product/15821923418446,ochutnej-poznavaci-sada-bio-344g-porc-dvoukomorovy,"Ochutnej poznávací sada bio 34,4g porc. dvoukomorový",image-code,2
s-korenim-kolem-sveta-poznavaci-sada-bio-krabicka,S kořením kolem světa – poznávací sada bio,https://www.sonnentor.com/cz/product-images/00766/34425/image-thumb__34425__product-teaser-img/00766.a0f0cedb.jpg,00766,gid://shopify/Product/15821914571086,s-korenim-kolem-sveta-poznavaci-sada-bio-50g,S kořením kolem světa – poznávací sada bio 50g,image-code,1
jogurtove-ovoce-zele-s-jogurtem-a-ovocnou-prichuti-bio-velke-baleni,Jogurtové ovoce – želé s jogurtem a ovocnou příchutí bio,https://www.sonnentor.com/cz/product-images/09969/72101/image-thumb__72101__product-teaser-img/09969.875d672f.jpg,09969,gid://shopify/Product/15821924434254,jogurtove-ovoce-zele-s-jogurtem-a-ovocnou-prichuti-bio-1kg,Jogurtové ovoce - želé s jogurtem a ovocnou příchutí bio 1kg,image-code,2
ovoce-zele-s-ovocnou-prichuti-bio-velke-baleni,Ovoce - želé s ovocnou příchutí bio,https://www.sonnentor.com/cz/product-images/09970/72102/image-thumb__72102__product-teaser-img/09970.540aaa36.jpg,09970,gid://shopify/Product/15821924073806,ovoce-zele-s-ovocnou-prichuti-bio-100g,Ovoce - želé s ovocnou příchutí bio 100g,title-fuzzy-0.83,1
ovocni-medvidci-zele-s-ovocnou-prichuti-bio-velke-baleni,Ovocní medvídci - želé s ovocnou příchutí bio,https://www.sonnentor.com/cz/product-images/09971/72103/image-thumb__72103__product-teaser-img/09971.ff8234bd.jpg,09971,gid://shopify/Product/15821924270414,ovocni-medvidci-zele-s-ovocnou-prichuti-bio-1kg,Ovocní medvídci - želé s ovocnou příchutí bio 1kg,image-code,2
dobrodruzstvi-biorarasku-brozura,Dobrodružství biorarášků - brožura,https://www.sonnentor.com/cz/product-images/33445/87286/image-thumb__87286__product-teaser-img/33445.74df751c.jpg,33445,gid://shopify/Product/15821929349454,dobrodruzstvi-biorarasku-brozura,Dobrodružství biorarášků brožura,image-code,2
sonnentor-adventni-kalendar-r-koreni-bio-baleni,SONNENTOR Adventní kalendář® koření bio,https://www.sonnentor.com/cz/product-images/01300/85867/image-thumb__85867__product-teaser-img/01300.2dabe393.jpg,01300,gid://shopify/Product/15821928825166,adventni-kalendar-koreni-bio-118-g,Adventní kalendář koření bio 118 g,image-code,2
videnske-pokuseni-r-melange-prazena-kava-zrnkova-bio-baleni,Vídeňské pokušení® Melange pražená káva zrnková bio,https://www.sonnentor.com/cz/product-images/01101/83148/image-thumb__83148__product-teaser-img/01101.170a9053.jpg,01101,gid://shopify/Product/15821927219534,kava-videnske-pokuseni-melange-bio-prazena-zrnkova-500-g,"Káva Vídeňské pokušení® Melange bio, pražená, zrnková 500 g",image-code,3
svezi-lady-green-bio-baleni,Svěží Lady Green bio balení,https://www.sonnentor.com/cz/product-images/01222/88812/image-thumb__88812__product-teaser-img/01222.cd0795a8.jpg,01222,gid://shopify/Product/15821931086158,svezi-lady-green-bio-ochuceny-zeleny-caj-90-g-syp,"Svěží Lady Green bio, ochucený zelený čaj, 90 g  syp.",image-code,2
pomerancovy-caj-bio-porcovany-dvoukomorovy,Postní čas,https://www.sonnentor.com/cz/product-images/02309/90827/image-thumb__90827__product-teaser-img/02309.627365a1.jpg,02309,gid://shopify/Product/15821932036430,pomerancovy-caj-bio-324-g-porc-dvoukomorovy,"Pomerančový čaj bio 32,4 g, porc. dvoukomorový",image-code,2
koreni-do-svareneho-cerveneho-vina-bio-porcovany-dvoukomorovy,Koření do svařeného červeného vína bio porcovaný dvoukomorový,https://www.sonnentor.com/cz/product-images/02578/34503/image-thumb__34503__product-teaser-img/02578.af610f92.jpg,02578,gid://shopify/Product/15821928595790,koreni-do-svareneho-cerveneho-vina-bio-324-g-porc-dvoukomorovy,"Koření do svařeného červeného vína bio 32,4 g, porc. dvoukomorový",title-fuzzy-0.70,1
skorice-cejlon-mleta-bio-dozicka,Skořice Cejlon mletá bio dózička,https://www.sonnentor.com/cz/product-images/07734/33126/image-thumb__33126__product-teaser-img/07334.39f0ba58.jpg,07334,gid://shopify/Product/15821907624270,skorice-cejlon-bio-mleta-40g,"Skořice Cejlon bio, mletá 40g",title-fuzzy-0.67,1
koreni-na-pizzu-a-testoviny-bio-krabicka,Koření na pizzu a těstoviny bio krabička,https://www.sonnentor.com/cz/product-images/00358/33156/image-thumb__33156__product-teaser-img/00358.c846e408.jpg,00358,gid://shopify/Product/15821925712206,koreni-na-pizzu-a-testoviny-bio-20g,Koření na pizzu a těstoviny bio 20g,title-fuzzy-0.71,2
dobra-nalada-smes-kvetu-a-koreni-bio-dozicka,Dobrá nálada – směs květů a koření bio dózička,https://www.sonnentor.com/cz/product-images/07377/33450/image-thumb__33450__product-teaser-img/07377.0c0878a9.jpg,07377,gid://shopify/Product/15821909721422,dobra-nalada-smes-kvetu-a-koreni-bio-25g-dozicka,Dobrá nálada - směs květů a koření bio 25g dózička,image-code,1
vse-v-zelenem-salatove-koreni-bio-krabicka,"Vše v zeleném, salátové koření bio krabička",https://www.sonnentor.com/cz/product-images/00737/34035/image-thumb__34035__product-teaser-img/00737_vse_v_zelenem.45303545.jpg,,gid://shopify/Product/15821922074958,vse-v-zelenem-salatove-koreni-bio-15g,"Vše v zeleném, salátové koření bio 15g",title-fuzzy-0.71,1
selske-koreni-na-brambory-bio-dozicka,Selské koření na brambory bio dózička,https://www.sonnentor.com/cz/product-images/07765/34408/image-thumb__34408__product-teaser-img/07765.b2868d79.jpg,07765,gid://shopify/Product/15821926465870,selske-koreni-na-brambory-bio-25g,Selské koření na brambory bio 25g,title-fuzzy-0.71,1
prirozene-horke-spej-bio,"Přirozeně hořké, sprej bio",https://www.sonnentor.com/cz/product-images/01287/102391/image-thumb__102391__product-teaser-img/01287.4b5244a9.jpg,01287,gid://shopify/Product/15821935575374,prirozene-horke-sprej-bio-50-ml,"Přirozeně hořké, sprej bio 50 ml",image-code,1
pekne-odpoledne-bylinny-caj-sypany-bio,Pěkné odpoledne,https://www.sonnentor.com/cz/product-images/00538/34148/image-thumb__34148__product-teaser-img/00538.06f0b616.jpg,00538,gid://shopify/Product/15821913260366,pekne-odpoledne-bio-syp-50g,Pěkné odpoledne bio syp. 50g,image-code,3
kurkuma-mleta-bio-gastro-doza-velka,Kurkuma mletá bio gastro dóza velká,https://www.sonnentor.com/cz/product-images/98705/33150/image-thumb__33150__product-teaser-img/98705.54a85c95.jpg,98705,gid://shopify/Product/15821932822862,kurkuma-bio-mleta-500g-gastro-baleni,"Kurkuma bio, mletá 500g, gastro balení",title-fuzzy-0.50,1
vse-v-zelenem-salatove-koreni-bio-dozicka,"Vše v zeleném, salátové koření bio dózička",https://www.sonnentor.com/cz/product-images/07737/34031/image-thumb__34031__product-teaser-img/07737.9_vse_v_zelenem_salatove_koreni.f85c79e1.png,07737,gid://shopify/Product/15821922074958,vse-v-zelenem-salatove-koreni-bio-15g,"Vše v zeleném, salátové koření bio 15g",title-fuzzy-0.71,1
curry-ostre-bio-krabicka,Curry ostré bio krabička,https://www.sonnentor.com/cz/product-images/00387/33454/image-thumb__33454__product-teaser-img/00387_curry_ostre.75e18d37.jpg,,gid://shopify/Product/15821921911118,curry-ostre-bio-50g,Curry ostré bio 50g,title-fuzzy-0.60,1
